0;dpotrf;24;1;1;1;0;512;121;32768;32768;846930886;0.000000e+00;1.035837e+01;1.132288e+03;nocuda
0;dgetrf_nopiv;23;1;1;1;0;800;32768;32768;32768;846930886;3.276800e+04;0.000000e+00;1.550275e+01;1.513003e+03;pcore
0;dgetrf_nopiv;23;1;1;1;0;1500;32768;32768;32768;846930886;3.276800e+04;0.000000e+00;1.419663e+01;1.652203e+03;pcore
0;dgetrf_nopiv;23;1;1;1;0;512;32768;32768;32768;846930886;3.276800e+04;0.000000e+00;1.321537e+01;1.774881e+03;pcore
0;dgetrf_nopiv;23;1;1;1;0;600;32768;32768;32768;846930886;3.276800e+04;0.000000e+00;1.770155e+01;1.325065e+03;pcore
0;dgetrf_nopiv;24;1;1;1;0;128;32768;32768;32768;846930886;3.276800e+04;0.000000e+00;6.595085e+01;3.556544e+02;nocuda
0;dpotrf;23;1;1;1;0;128;121;32768;32768;846930886;0.000000e+00;3.488208e+01;3.362375e+02;pcore
0;dpotrf;24;1;1;1;0;1750;121;32768;32768;846930886;0.000000e+00;1.306006e+01;8.980555e+02;nocuda
0;dpotrf;24;1;1;1;0;256;121;32768;32768;846930886;0.000000e+00;1.478086e+01;7.935033e+02;nocuda
0;dpotrf;23;1;1;1;0;512;121;32768;32768;846930886;0.000000e+00;6.725179e+00;1.743992e+03;pcore
0;dpotrf;24;1;1;1;0;1750;121;32768;32768;846930886;0.000000e+00;1.285062e+01;9.126920e+02;nocuda
0;dpotrf;24;1;1;1;0;128;121;32768;32768;846930886;0.000000e+00;3.173195e+01;3.696168e+02;nocuda
0;dgetrf_nopiv;23;1;1;1;0;2048;32768;32768;32768;846930886;3.276800e+04;0.000000e+00;1.376723e+01;1.703735e+03;pcore
0;dgetrf_nopiv;23;1;1;1;0;1250;32768;32768;32768;846930886;3.276800e+04;0.000000e+00;1.498045e+01;1.565754e+03;pcore
0;dgetrf_nopiv;23;1;1;1;0;320;32768;32768;32768;846930886;3.276800e+04;0.000000e+00;2.379874e+01;9.855863e+02;pcore
0;dgetrf_nopiv;23;1;1;1;0;2048;32768;32768;32768;846930886;3.276800e+04;0.000000e+00;1.378957e+01;1.700975e+03;pcore
0;dgetrf_nopiv;23;1;1;1;0;1250;32768;32768;32768;846930886;3.276800e+04;0.000000e+00;1.497737e+01;1.566077e+03;pcore
0;dgetrf_nopiv;23;1;1;1;0;400;32768;32768;32768;846930886;3.276800e+04;0.000000e+00;1.881253e+01;1.246814e+03;pcore
0;dpotrf;23;1;1;1;0;2048;121;32768;32768;846930886;0.000000e+00;7.616463e+00;1.539909e+03;pcore
0;dpotrf;23;1;1;1;0;128;121;32768;32768;846930886;0.000000e+00;3.427528e+01;3.421901e+02;pcore
0;dpotrf;23;1;1;1;0;512;121;32768;32768;846930886;0.000000e+00;6.737788e+00;1.740729e+03;pcore
0;dgetrf_nopiv;24;1;1;1;0;320;32768;32768;32768;846930886;3.276800e+04;0.000000e+00;3.022409e+01;7.760602e+02;nocuda
0;dgetrf_nopiv;23;1;1;1;0;1500;32768;32768;32768;846930886;3.276800e+04;0.000000e+00;1.359931e+01;1.724772e+03;pcore
0;dgetrf_nopiv;24;1;1;1;0;600;32768;32768;32768;846930886;3.276800e+04;0.000000e+00;2.413987e+01;9.716586e+02;nocuda
0;dpotrf;24;1;1;1;0;320;121;32768;32768;846930886;0.000000e+00;1.574252e+01;7.450307e+02;nocuda
0;dpotrf;23;1;1;1;0;800;121;32768;32768;846930886;0.000000e+00;7.718882e+00;1.519477e+03;pcore
0;dpotrf;23;1;1;1;0;400;121;32768;32768;846930886;0.000000e+00;9.651431e+00;1.215225e+03;pcore
0;dpotrf;23;1;1;1;0;2048;121;32768;32768;846930886;0.000000e+00;7.687252e+00;1.525729e+03;pcore
0;dpotrf;23;1;1;1;0;800;121;32768;32768;846930886;0.000000e+00;7.988605e+00;1.468174e+03;pcore
0;dpotrf;24;1;1;1;0;1500;121;32768;32768;846930886;0.000000e+00;9.658003e+00;1.214398e+03;nocuda
0;dgetrf_nopiv;24;1;1;1;0;800;32768;32768;32768;846930886;3.276800e+04;0.000000e+00;2.153619e+01;1.089130e+03;nocuda
0;dgetrf_nopiv;23;1;1;1;0;256;32768;32768;32768;846930886;3.276800e+04;0.000000e+00;2.392635e+01;9.803296e+02;pcore
0;dpotrf;23;1;1;1;0;256;121;32768;32768;846930886;0.000000e+00;1.255220e+01;9.343908e+02;pcore
0;dpotrf;24;1;1;1;0;128;121;32768;32768;846930886;0.000000e+00;3.206142e+01;3.658186e+02;nocuda
0;dgetrf_nopiv;24;1;1;1;0;1750;32768;32768;32768;846930886;3.276800e+04;0.000000e+00;2.402187e+01;9.764314e+02;nocuda
0;dpotrf;23;1;1;1;0;600;121;32768;32768;846930886;0.000000e+00;8.639528e+00;1.357558e+03;pcore
0;dpotrf;24;1;1;1;0;1024;121;32768;32768;846930886;0.000000e+00;9.592929e+00;1.222636e+03;nocuda
0;dpotrf;24;1;1;1;0;512;121;32768;32768;846930886;0.000000e+00;1.016513e+01;1.153813e+03;nocuda
0;dgetrf_nopiv;24;1;1;1;0;1250;32768;32768;32768;846930886;3.276800e+04;0.000000e+00;1.866615e+01;1.256591e+03;nocuda
0;dpotrf;23;1;1;1;0;1250;121;32768;32768;846930886;0.000000e+00;7.792935e+00;1.505038e+03;pcore
0;dpotrf;24;1;1;1;0;1500;121;32768;32768;846930886;0.000000e+00;9.387216e+00;1.249429e+03;nocuda
0;dgetrf_nopiv;24;1;1;1;0;1750;32768;32768;32768;846930886;3.276800e+04;0.000000e+00;2.213965e+01;1.059444e+03;nocuda
0;dgetrf_nopiv;24;1;1;1;0;1024;32768;32768;32768;846930886;3.276800e+04;0.000000e+00;1.826902e+01;1.283907e+03;nocuda
0;dpotrf;24;1;1;1;0;2048;121;32768;32768;846930886;0.000000e+00;8.089479e+00;1.449866e+03;nocuda
0;dgetrf_nopiv;24;1;1;1;0;400;32768;32768;32768;846930886;3.276800e+04;0.000000e+00;2.550564e+01;9.196283e+02;nocuda
0;dgetrf_nopiv;24;1;1;1;0;2048;32768;32768;32768;846930886;3.276800e+04;0.000000e+00;1.463626e+01;1.602575e+03;nocuda
0;dgetrf_nopiv;24;1;1;1;0;800;32768;32768;32768;846930886;3.276800e+04;0.000000e+00;2.140470e+01;1.095820e+03;nocuda
0;dpotrf;23;1;1;1;0;512;121;32768;32768;846930886;0.000000e+00;6.738356e+00;1.740582e+03;pcore
0;dgetrf_nopiv;23;1;1;1;0;1024;32768;32768;32768;846930886;3.276800e+04;0.000000e+00;1.309404e+01;1.791327e+03;pcore
0;dpotrf;23;1;1;1;0;1024;121;32768;32768;846930886;0.000000e+00;6.765828e+00;1.733515e+03;pcore
0;dgetrf_nopiv;23;1;1;1;0;2048;32768;32768;32768;846930886;3.276800e+04;0.000000e+00;1.381246e+01;1.698155e+03;pcore
0;dgetrf_nopiv;23;1;1;1;0;1250;32768;32768;32768;846930886;3.276800e+04;0.000000e+00;1.506940e+01;1.556512e+03;pcore
0;dgetrf_nopiv;23;1;1;1;0;600;32768;32768;32768;846930886;3.276800e+04;0.000000e+00;1.711433e+01;1.370531e+03;pcore
0;dgetrf_nopiv;23;1;1;1;0;2048;32768;32768;32768;846930886;3.276800e+04;0.000000e+00;1.375132e+01;1.705706e+03;pcore
0;dgetrf_nopiv;23;1;1;1;0;800;32768;32768;32768;846930886;3.276800e+04;0.000000e+00;1.509802e+01;1.553562e+03;pcore
0;dgetrf_nopiv;24;1;1;1;0;128;32768;32768;32768;846930886;3.276800e+04;0.000000e+00;6.373963e+01;3.679926e+02;nocuda
0;dpotrf;24;1;1;1;0;600;121;32768;32768;846930886;0.000000e+00;1.226522e+01;9.562538e+02;nocuda
0;dpotrf;24;1;1;1;0;512;121;32768;32768;846930886;0.000000e+00;1.017223e+01;1.153008e+03;nocuda
0;dpotrf;24;1;1;1;0;128;121;32768;32768;846930886;0.000000e+00;3.176933e+01;3.691819e+02;nocuda
0;dpotrf;23;1;1;1;0;512;121;32768;32768;846930886;0.000000e+00;6.747954e+00;1.738106e+03;pcore
0;dgetrf_nopiv;24;1;1;1;0;512;32768;32768;32768;846930886;3.276800e+04;0.000000e+00;1.950286e+01;1.202681e+03;nocuda
0;dpotrf;23;1;1;1;0;600;121;32768;32768;846930886;0.000000e+00;8.659013e+00;1.354503e+03;pcore
0;dpotrf;24;1;1;1;0;320;121;32768;32768;846930886;0.000000e+00;1.556828e+01;7.533690e+02;nocuda
0;dpotrf;24;1;1;1;0;800;121;32768;32768;846930886;0.000000e+00;1.108065e+01;1.058481e+03;nocuda
0;dpotrf;23;1;1;1;0;320;121;32768;32768;846930886;0.000000e+00;1.217533e+01;9.633135e+02;pcore
0;dgetrf_nopiv;23;1;1;1;0;320;32768;32768;32768;846930886;3.276800e+04;0.000000e+00;2.358925e+01;9.943391e+02;pcore
0;dpotrf;23;1;1;1;0;1024;121;32768;32768;846930886;0.000000e+00;6.768415e+00;1.732852e+03;pcore
0;dgetrf_nopiv;24;1;1;1;0;1500;32768;32768;32768;846930886;3.276800e+04;0.000000e+00;1.692607e+01;1.385775e+03;nocuda
0;dpotrf;24;1;1;1;0;1250;121;32768;32768;846930886;0.000000e+00;9.861096e+00;1.189387e+03;nocuda
0;dpotrf;23;1;1;1;0;256;121;32768;32768;846930886;0.000000e+00;1.257233e+01;9.328948e+02;pcore
0;dpotrf;23;1;1;1;0;1250;121;32768;32768;846930886;0.000000e+00;7.821112e+00;1.499616e+03;pcore
0;dgetrf_nopiv;24;1;1;1;0;1750;32768;32768;32768;846930886;3.276800e+04;0.000000e+00;2.356822e+01;9.952261e+02;nocuda
0;dpotrf;24;1;1;1;0;256;121;32768;32768;846930886;0.000000e+00;1.477214e+01;7.939717e+02;nocuda
0;dpotrf;24;1;1;1;0;1750;121;32768;32768;846930886;0.000000e+00;1.305158e+01;8.986393e+02;nocuda
0;dpotrf;24;1;1;1;0;1750;121;32768;32768;846930886;0.000000e+00;1.296560e+01;9.045981e+02;nocuda
0;dgetrf_nopiv;23;1;1;1;0;320;32768;32768;32768;846930886;3.276800e+04;0.000000e+00;2.358132e+01;9.946734e+02;pcore
0;dgetrf_nopiv;24;1;1;1;0;320;32768;32768;32768;846930886;3.276800e+04;0.000000e+00;2.994239e+01;7.833613e+02;nocuda
0;dgetrf_nopiv;23;1;1;1;0;1750;32768;32768;32768;846930886;3.276800e+04;0.000000e+00;1.467431e+01;1.598420e+03;pcore
0;dgetrf_nopiv;24;1;1;1;0;256;32768;32768;32768;846930886;3.276800e+04;0.000000e+00;2.988166e+01;7.849535e+02;nocuda
0;dgetrf_nopiv;23;1;1;1;0;600;32768;32768;32768;846930886;3.276800e+04;0.000000e+00;1.715421e+01;1.367345e+03;pcore
0;dgetrf_nopiv;24;1;1;1;0;1250;32768;32768;32768;846930886;3.276800e+04;0.000000e+00;1.862522e+01;1.259352e+03;nocuda
0;dpotrf;24;1;1;1;0;800;121;32768;32768;846930886;0.000000e+00;1.103843e+01;1.062530e+03;nocuda
0;dpotrf;24;1;1;1;0;1250;121;32768;32768;846930886;0.000000e+00;9.959295e+00;1.177660e+03;nocuda
0;dgetrf_nopiv;23;1;1;1;0;1500;32768;32768;32768;846930886;3.276800e+04;0.000000e+00;1.367343e+01;1.715423e+03;pcore
0;dpotrf;23;1;1;1;0;2048;121;32768;32768;846930886;0.000000e+00;7.663391e+00;1.530479e+03;pcore
0;dgetrf_nopiv;24;1;1;1;0;1250;32768;32768;32768;846930886;3.276800e+04;0.000000e+00;1.869904e+01;1.254381e+03;nocuda
0;dgetrf_nopiv;24;1;1;1;0;600;32768;32768;32768;846930886;3.276800e+04;0.000000e+00;2.406755e+01;9.745783e+02;nocuda
0;dgetrf_nopiv;24;1;1;1;0;128;32768;32768;32768;846930886;3.276800e+04;0.000000e+00;6.232583e+01;3.763401e+02;nocuda
0;dpotrf;23;1;1;1;0;128;121;32768;32768;846930886;0.000000e+00;3.282192e+01;3.573423e+02;pcore
0;dpotrf;23;1;1;1;0;320;121;32768;32768;846930886;0.000000e+00;1.211725e+01;9.679310e+02;pcore
0;dgetrf_nopiv;24;1;1;1;0;2048;32768;32768;32768;846930886;3.276800e+04;0.000000e+00;1.465509e+01;1.600517e+03;nocuda
0;dgetrf_nopiv;24;1;1;1;0;128;32768;32768;32768;846930886;3.276800e+04;0.000000e+00;6.255886e+01;3.749383e+02;nocuda
0;dpotrf;24;1;1;1;0;256;121;32768;32768;846930886;0.000000e+00;1.475614e+01;7.948325e+02;nocuda
0;dpotrf;24;1;1;1;0;1250;121;32768;32768;846930886;0.000000e+00;9.984618e+00;1.174673e+03;nocuda
0;dgetrf_nopiv;24;1;1;1;0;1500;32768;32768;32768;846930886;3.276800e+04;0.000000e+00;1.680494e+01;1.395763e+03;nocuda
0;dgetrf_nopiv;23;1;1;1;0;800;32768;32768;32768;846930886;3.276800e+04;0.000000e+00;1.518072e+01;1.545099e+03;pcore
0;dgetrf_nopiv;23;1;1;1;0;256;32768;32768;32768;846930886;3.276800e+04;0.000000e+00;2.408119e+01;9.740262e+02;pcore
0;dgetrf_nopiv;23;1;1;1;0;512;32768;32768;32768;846930886;3.276800e+04;0.000000e+00;1.314384e+01;1.784541e+03;pcore
0;dgetrf_nopiv;23;1;1;1;0;600;32768;32768;32768;846930886;3.276800e+04;0.000000e+00;1.716326e+01;1.366623e+03;pcore
0;dpotrf;24;1;1;1;0;600;121;32768;32768;846930886;0.000000e+00;1.224815e+01;9.575866e+02;nocuda
0;dgetrf_nopiv;24;1;1;1;0;2048;32768;32768;32768;846930886;3.276800e+04;0.000000e+00;1.465753e+01;1.600250e+03;nocuda
0;dgetrf_nopiv;24;1;1;1;0;512;32768;32768;32768;846930886;3.276800e+04;0.000000e+00;1.949146e+01;1.203384e+03;nocuda
0;dpotrf;24;1;1;1;0;320;121;32768;32768;846930886;0.000000e+00;1.552646e+01;7.553983e+02;nocuda
0;dgetrf_nopiv;23;1;1;1;0;128;32768;32768;32768;846930886;3.276800e+04;0.000000e+00;5.313176e+01;4.414631e+02;pcore
0;dpotrf;24;1;1;1;0;1250;121;32768;32768;846930886;0.000000e+00;9.954769e+00;1.178195e+03;nocuda
0;dgetrf_nopiv;24;1;1;1;0;320;32768;32768;32768;846930886;3.276800e+04;0.000000e+00;2.996537e+01;7.827605e+02;nocuda
0;dpotrf;23;1;1;1;0;256;121;32768;32768;846930886;0.000000e+00;1.256962e+01;9.330960e+02;pcore
0;dpotrf;24;1;1;1;0;400;121;32768;32768;846930886;0.000000e+00;1.338955e+01;8.759563e+02;nocuda
0;dgetrf_nopiv;23;1;1;1;0;1750;32768;32768;32768;846930886;3.276800e+04;0.000000e+00;1.465593e+01;1.600424e+03;pcore
0;dpotrf;23;1;1;1;0;800;121;32768;32768;846930886;0.000000e+00;7.675353e+00;1.528094e+03;pcore
0;dgetrf_nopiv;23;1;1;1;0;128;32768;32768;32768;846930886;3.276800e+04;0.000000e+00;5.407878e+01;4.337323e+02;pcore
0;dgetrf_nopiv;23;1;1;1;0;800;32768;32768;32768;846930886;3.276800e+04;0.000000e+00;1.520090e+01;1.543048e+03;pcore
0;dpotrf;24;1;1;1;0;2048;121;32768;32768;846930886;0.000000e+00;8.311746e+00;1.411095e+03;nocuda
0;dgetrf_nopiv;23;1;1;1;0;320;32768;32768;32768;846930886;3.276800e+04;0.000000e+00;2.362693e+01;9.927534e+02;pcore
0;dpotrf;23;1;1;1;0;512;121;32768;32768;846930886;0.000000e+00;6.731984e+00;1.742230e+03;pcore
0;dgetrf_nopiv;24;1;1;1;0;1250;32768;32768;32768;846930886;3.276800e+04;0.000000e+00;1.873338e+01;1.252081e+03;nocuda
0;dpotrf;23;1;1;1;0;800;121;32768;32768;846930886;0.000000e+00;7.720762e+00;1.519107e+03;pcore
0;dgetrf_nopiv;24;1;1;1;0;256;32768;32768;32768;846930886;3.276800e+04;0.000000e+00;2.973738e+01;7.887618e+02;nocuda
0;dpotrf;24;1;1;1;0;128;121;32768;32768;846930886;0.000000e+00;3.188653e+01;3.678249e+02;nocuda
0;dgetrf_nopiv;24;1;1;1;0;256;32768;32768;32768;846930886;3.276800e+04;0.000000e+00;2.997245e+01;7.825758e+02;nocuda
0;dgetrf_nopiv;23;1;1;1;0;512;32768;32768;32768;846930886;3.276800e+04;0.000000e+00;1.313643e+01;1.785547e+03;pcore
0;dpotrf;23;1;1;1;0;400;121;32768;32768;846930886;0.000000e+00;9.656990e+00;1.214526e+03;pcore
0;dpotrf;23;1;1;1;0;1024;121;32768;32768;846930886;0.000000e+00;6.753642e+00;1.736642e+03;pcore
0;dgetrf_nopiv;24;1;1;1;0;2048;32768;32768;32768;846930886;3.276800e+04;0.000000e+00;1.465507e+01;1.600518e+03;nocuda
0;dpotrf;24;1;1;1;0;600;121;32768;32768;846930886;0.000000e+00;1.234328e+01;9.502065e+02;nocuda
0;dgetrf_nopiv;24;1;1;1;0;800;32768;32768;32768;846930886;3.276800e+04;0.000000e+00;2.146975e+01;1.092501e+03;nocuda
0;dgetrf_nopiv;23;1;1;1;0;256;32768;32768;32768;846930886;3.276800e+04;0.000000e+00;2.389326e+01;9.816873e+02;pcore
0;dgetrf_nopiv;23;1;1;1;0;256;32768;32768;32768;846930886;3.276800e+04;0.000000e+00;2.410213e+01;9.731799e+02;pcore
0;dpotrf;24;1;1;1;0;400;121;32768;32768;846930886;0.000000e+00;1.341368e+01;8.743806e+02;nocuda
0;dgetrf_nopiv;23;1;1;1;0;1250;32768;32768;32768;846930886;3.276800e+04;0.000000e+00;1.499834e+01;1.563887e+03;pcore
0;dpotrf;23;1;1;1;0;1024;121;32768;32768;846930886;0.000000e+00;6.748121e+00;1.738063e+03;pcore
0;dpotrf;24;1;1;1;0;1750;121;32768;32768;846930886;0.000000e+00;9.274758e+00;1.264579e+03;nocuda
0;dpotrf;24;1;1;1;0;800;121;32768;32768;846930886;0.000000e+00;1.117057e+01;1.049961e+03;nocuda
0;dpotrf;24;1;1;1;0;320;121;32768;32768;846930886;0.000000e+00;1.574958e+01;7.446970e+02;nocuda
0;dgetrf_nopiv;23;1;1;1;0;1500;32768;32768;32768;846930886;3.276800e+04;0.000000e+00;1.372886e+01;1.708497e+03;pcore
0;dgetrf_nopiv;23;1;1;1;0;1750;32768;32768;32768;846930886;3.276800e+04;0.000000e+00;1.455296e+01;1.611748e+03;pcore
0;dgetrf_nopiv;24;1;1;1;0;1024;32768;32768;32768;846930886;3.276800e+04;0.000000e+00;1.828097e+01;1.283067e+03;nocuda
0;dpotrf;23;1;1;1;0;2048;121;32768;32768;846930886;0.000000e+00;7.629304e+00;1.537317e+03;pcore
0;dpotrf;24;1;1;1;0;1250;121;32768;32768;846930886;0.000000e+00;9.881674e+00;1.186910e+03;nocuda
0;dpotrf;23;1;1;1;0;600;121;32768;32768;846930886;0.000000e+00;8.677401e+00;1.351633e+03;pcore
0;dpotrf;23;1;1;1;0;400;121;32768;32768;846930886;0.000000e+00;9.671488e+00;1.212705e+03;pcore
0;dgetrf_nopiv;23;1;1;1;0;600;32768;32768;32768;846930886;3.276800e+04;0.000000e+00;1.720203e+01;1.363543e+03;pcore
0;dpotrf;23;1;1;1;0;1500;121;32768;32768;846930886;0.000000e+00;7.452120e+00;1.573869e+03;pcore
0;dpotrf;23;1;1;1;0;320;121;32768;32768;846930886;0.000000e+00;1.218917e+01;9.622200e+02;pcore
0;dgetrf_nopiv;23;1;1;1;0;400;32768;32768;32768;846930886;3.276800e+04;0.000000e+00;1.875760e+01;1.250465e+03;pcore
0;dpotrf;24;1;1;1;0;400;121;32768;32768;846930886;0.000000e+00;1.341667e+01;8.741860e+02;nocuda
0;dpotrf;23;1;1;1;0;1250;121;32768;32768;846930886;0.000000e+00;7.789096e+00;1.505780e+03;pcore
0;dgetrf_nopiv;24;1;1;1;0;256;32768;32768;32768;846930886;3.276800e+04;0.000000e+00;3.020907e+01;7.764460e+02;nocuda
0;dgetrf_nopiv;23;1;1;1;0;128;32768;32768;32768;846930886;3.276800e+04;0.000000e+00;5.220188e+01;4.493269e+02;pcore
0;dpotrf;24;1;1;1;0;400;121;32768;32768;846930886;0.000000e+00;1.341489e+01;8.743014e+02;nocuda
0;dpotrf;24;1;1;1;0;2048;121;32768;32768;846930886;0.000000e+00;8.026379e+00;1.461264e+03;nocuda
0;dpotrf;24;1;1;1;0;1500;121;32768;32768;846930886;0.000000e+00;9.460624e+00;1.239734e+03;nocuda
0;dpotrf;23;1;1;1;0;1500;121;32768;32768;846930886;0.000000e+00;7.478021e+00;1.568418e+03;pcore
0;dpotrf;24;1;1;1;0;800;121;32768;32768;846930886;0.000000e+00;1.109574e+01;1.057042e+03;nocuda
0;dgetrf_nopiv;23;1;1;1;0;400;32768;32768;32768;846930886;3.276800e+04;0.000000e+00;1.871164e+01;1.253536e+03;pcore
0;dgetrf_nopiv;23;1;1;1;0;256;32768;32768;32768;846930886;3.276800e+04;0.000000e+00;2.384008e+01;9.838774e+02;pcore
0;dpotrf;24;1;1;1;0;1024;121;32768;32768;846930886;0.000000e+00;9.665342e+00;1.213476e+03;nocuda
0;dgetrf_nopiv;24;1;1;1;0;1500;32768;32768;32768;846930886;3.276800e+04;0.000000e+00;1.685768e+01;1.391397e+03;nocuda
0;dpotrf;23;1;1;1;0;1500;121;32768;32768;846930886;0.000000e+00;7.500116e+00;1.563797e+03;pcore
0;dpotrf;23;1;1;1;0;256;121;32768;32768;846930886;0.000000e+00;1.253480e+01;9.356880e+02;pcore
0;dpotrf;24;1;1;1;0;320;121;32768;32768;846930886;0.000000e+00;1.551029e+01;7.561856e+02;nocuda
0;dgetrf_nopiv;24;1;1;1;0;512;32768;32768;32768;846930886;3.276800e+04;0.000000e+00;1.952457e+01;1.201343e+03;nocuda
0;dgetrf_nopiv;23;1;1;1;0;2048;32768;32768;32768;846930886;3.276800e+04;0.000000e+00;1.372640e+01;1.708802e+03;pcore
0;dpotrf;23;1;1;1;0;400;121;32768;32768;846930886;0.000000e+00;9.680492e+00;1.211577e+03;pcore
0;dpotrf;24;1;1;1;0;1024;121;32768;32768;846930886;0.000000e+00;9.742182e+00;1.203905e+03;nocuda
0;dpotrf;23;1;1;1;0;1250;121;32768;32768;846930886;0.000000e+00;7.782833e+00;1.506991e+03;pcore
0;dgetrf_nopiv;24;1;1;1;0;800;32768;32768;32768;846930886;3.276800e+04;0.000000e+00;2.140408e+01;1.095853e+03;nocuda
0;dpotrf;23;1;1;1;0;1024;121;32768;32768;846930886;0.000000e+00;6.766337e+00;1.733384e+03;pcore
0;dgetrf_nopiv;23;1;1;1;0;320;32768;32768;32768;846930886;3.276800e+04;0.000000e+00;2.356198e+01;9.954898e+02;pcore
0;dgetrf_nopiv;24;1;1;1;0;320;32768;32768;32768;846930886;3.276800e+04;0.000000e+00;2.984699e+01;7.858652e+02;nocuda
0;dgetrf_nopiv;24;1;1;1;0;256;32768;32768;32768;846930886;3.276800e+04;0.000000e+00;2.982293e+01;7.864991e+02;nocuda
0;dgetrf_nopiv;24;1;1;1;0;1500;32768;32768;32768;846930886;3.276800e+04;0.000000e+00;1.692292e+01;1.386032e+03;nocuda
0;dgetrf_nopiv;23;1;1;1;0;1750;32768;32768;32768;846930886;3.276800e+04;0.000000e+00;1.457966e+01;1.608797e+03;pcore
0;dgetrf_nopiv;24;1;1;1;0;600;32768;32768;32768;846930886;3.276800e+04;0.000000e+00;2.439274e+01;9.615856e+02;nocuda
0;dpotrf;23;1;1;1;0;1250;121;32768;32768;846930886;0.000000e+00;7.810966e+00;1.501563e+03;pcore
0;dgetrf_nopiv;23;1;1;1;0;1750;32768;32768;32768;846930886;3.276800e+04;0.000000e+00;1.456961e+01;1.609907e+03;pcore
0;dgetrf_nopiv;24;1;1;1;0;400;32768;32768;32768;846930886;3.276800e+04;0.000000e+00;2.546188e+01;9.212090e+02;nocuda
0;dpotrf;23;1;1;1;0;600;121;32768;32768;846930886;0.000000e+00;8.664439e+00;1.353655e+03;pcore
0;dgetrf_nopiv;23;1;1;1;0;1250;32768;32768;32768;846930886;3.276800e+04;0.000000e+00;1.499460e+01;1.564277e+03;pcore
0;dpotrf;24;1;1;1;0;1500;121;32768;32768;846930886;0.000000e+00;9.595974e+00;1.222248e+03;nocuda
0;dgetrf_nopiv;24;1;1;1;0;1750;32768;32768;32768;846930886;3.276800e+04;0.000000e+00;1.582861e+01;1.481855e+03;nocuda
0;dpotrf;23;1;1;1;0;1750;121;32768;32768;846930886;0.000000e+00;8.641034e+00;1.357321e+03;pcore
0;dgetrf_nopiv;24;1;1;1;0;1024;32768;32768;32768;846930886;3.276800e+04;0.000000e+00;1.815591e+01;1.291905e+03;nocuda
0;dgetrf_nopiv;24;1;1;1;0;800;32768;32768;32768;846930886;3.276800e+04;0.000000e+00;2.139901e+01;1.096112e+03;nocuda
0;dpotrf;23;1;1;1;0;1750;121;32768;32768;846930886;0.000000e+00;8.598155e+00;1.364090e+03;pcore
0;dgetrf_nopiv;23;1;1;1;0;128;32768;32768;32768;846930886;3.276800e+04;0.000000e+00;5.403822e+01;4.340578e+02;pcore
0;dgetrf_nopiv;23;1;1;1;0;128;32768;32768;32768;846930886;3.276800e+04;0.000000e+00;5.126625e+01;4.575273e+02;pcore
0;dpotrf;23;1;1;1;0;128;121;32768;32768;846930886;0.000000e+00;3.419113e+01;3.430323e+02;pcore
0;dpotrf;24;1;1;1;0;128;121;32768;32768;846930886;0.000000e+00;3.206608e+01;3.657654e+02;nocuda
0;dpotrf;24;1;1;1;0;512;121;32768;32768;846930886;0.000000e+00;1.013954e+01;1.156725e+03;nocuda
0;dgetrf_nopiv;24;1;1;1;0;1024;32768;32768;32768;846930886;3.276800e+04;0.000000e+00;1.828220e+01;1.282981e+03;nocuda
0;dgetrf_nopiv;23;1;1;1;0;1024;32768;32768;32768;846930886;3.276800e+04;0.000000e+00;1.308856e+01;1.792077e+03;pcore
0;dpotrf;24;1;1;1;0;128;121;32768;32768;846930886;0.000000e+00;3.188092e+01;3.678897e+02;nocuda
0;dpotrf;23;1;1;1;0;256;121;32768;32768;846930886;0.000000e+00;1.256513e+01;9.334293e+02;pcore
0;dpotrf;23;1;1;1;0;600;121;32768;32768;846930886;0.000000e+00;8.651305e+00;1.355710e+03;pcore
0;dgetrf_nopiv;23;1;1;1;0;800;32768;32768;32768;846930886;3.276800e+04;0.000000e+00;1.509327e+01;1.554051e+03;pcore
0;dpotrf;24;1;1;1;0;800;121;32768;32768;846930886;0.000000e+00;1.109676e+01;1.056945e+03;nocuda
0;dpotrf;23;1;1;1;0;1024;121;32768;32768;846930886;0.000000e+00;6.752270e+00;1.736995e+03;pcore
0;dpotrf;24;1;1;1;0;256;121;32768;32768;846930886;0.000000e+00;1.482810e+01;7.909751e+02;nocuda
0;dgetrf_nopiv;23;1;1;1;0;512;32768;32768;32768;846930886;3.276800e+04;0.000000e+00;1.315019e+01;1.783678e+03;pcore
0;dgetrf_nopiv;24;1;1;1;0;2048;32768;32768;32768;846930886;3.276800e+04;0.000000e+00;1.505399e+01;1.558106e+03;nocuda
0;dgetrf_nopiv;23;1;1;1;0;400;32768;32768;32768;846930886;3.276800e+04;0.000000e+00;1.865833e+01;1.257117e+03;pcore
0;dpotrf;23;1;1;1;0;400;121;32768;32768;846930886;0.000000e+00;9.703326e+00;1.208726e+03;pcore
0;dgetrf_nopiv;24;1;1;1;0;400;32768;32768;32768;846930886;3.276800e+04;0.000000e+00;2.542853e+01;9.224170e+02;nocuda
0;dgetrf_nopiv;23;1;1;1;0;512;32768;32768;32768;846930886;3.276800e+04;0.000000e+00;1.315617e+01;1.782868e+03;pcore
0;dgetrf_nopiv;23;1;1;1;0;512;32768;32768;32768;846930886;3.276800e+04;0.000000e+00;1.315975e+01;1.782382e+03;pcore
0;dgetrf_nopiv;24;1;1;1;0;1750;32768;32768;32768;846930886;3.276800e+04;0.000000e+00;1.585872e+01;1.479042e+03;nocuda
0;dpotrf;24;1;1;1;0;600;121;32768;32768;846930886;0.000000e+00;1.231242e+01;9.525874e+02;nocuda
0;dpotrf;23;1;1;1;0;256;121;32768;32768;846930886;0.000000e+00;1.255675e+01;9.340522e+02;pcore
0;dpotrf;23;1;1;1;0;1750;121;32768;32768;846930886;0.000000e+00;8.600370e+00;1.363739e+03;pcore
0;dgetrf_nopiv;23;1;1;1;0;400;32768;32768;32768;846930886;3.276800e+04;0.000000e+00;1.868186e+01;1.255534e+03;pcore
0;dpotrf;24;1;1;1;0;1500;121;32768;32768;846930886;0.000000e+00;9.457516e+00;1.240142e+03;nocuda
0;dpotrf;23;1;1;1;0;1250;121;32768;32768;846930886;0.000000e+00;7.825663e+00;1.498743e+03;pcore
0;dgetrf_nopiv;23;1;1;1;0;1750;32768;32768;32768;846930886;3.276800e+04;0.000000e+00;1.467155e+01;1.598721e+03;pcore
0;dgetrf_nopiv;24;1;1;1;0;400;32768;32768;32768;846930886;3.276800e+04;0.000000e+00;2.556202e+01;9.176001e+02;nocuda
0;dpotrf;23;1;1;1;0;128;121;32768;32768;846930886;0.000000e+00;3.304173e+01;3.549651e+02;pcore
0;dgetrf_nopiv;24;1;1;1;0;400;32768;32768;32768;846930886;3.276800e+04;0.000000e+00;2.554756e+01;9.181193e+02;nocuda
0;dgetrf_nopiv;24;1;1;1;0;600;32768;32768;32768;846930886;3.276800e+04;0.000000e+00;2.422826e+01;9.681139e+02;nocuda
0;dgetrf_nopiv;24;1;1;1;0;320;32768;32768;32768;846930886;3.276800e+04;0.000000e+00;3.000130e+01;7.818231e+02;nocuda
0;dgetrf_nopiv;24;1;1;1;0;1250;32768;32768;32768;846930886;3.276800e+04;0.000000e+00;1.864484e+01;1.258027e+03;nocuda
0;dpotrf;24;1;1;1;0;256;121;32768;32768;846930886;0.000000e+00;1.488068e+01;7.881806e+02;nocuda
0;dgetrf_nopiv;24;1;1;1;0;128;32768;32768;32768;846930886;3.276800e+04;0.000000e+00;6.377614e+01;3.677819e+02;nocuda
0;dpotrf;23;1;1;1;0;320;121;32768;32768;846930886;0.000000e+00;1.213324e+01;9.666554e+02;pcore
0;dpotrf;24;1;1;1;0;320;121;32768;32768;846930886;0.000000e+00;1.560695e+01;7.515025e+02;nocuda
0;dgetrf_nopiv;24;1;1;1;0;512;32768;32768;32768;846930886;3.276800e+04;0.000000e+00;1.956920e+01;1.198603e+03;nocuda
0;dgetrf_nopiv;23;1;1;1;0;400;32768;32768;32768;846930886;3.276800e+04;0.000000e+00;1.886486e+01;1.243355e+03;pcore
0;dpotrf;23;1;1;1;0;1750;121;32768;32768;846930886;0.000000e+00;8.588033e+00;1.365698e+03;pcore
0;dpotrf;24;1;1;1;0;800;121;32768;32768;846930886;0.000000e+00;1.108457e+01;1.058107e+03;nocuda
0;dgetrf_nopiv;23;1;1;1;0;128;32768;32768;32768;846930886;3.276800e+04;0.000000e+00;5.275371e+01;4.446268e+02;pcore
0;dpotrf;24;1;1;1;0;2048;121;32768;32768;846930886;0.000000e+00;8.009880e+00;1.464274e+03;nocuda
0;dgetrf_nopiv;24;1;1;1;0;2048;32768;32768;32768;846930886;3.276800e+04;0.000000e+00;1.551754e+01;1.511562e+03;nocuda
0;dpotrf;24;1;1;1;0;1500;121;32768;32768;846930886;0.000000e+00;9.525700e+00;1.231265e+03;nocuda
0;dgetrf_nopiv;23;1;1;1;0;2048;32768;32768;32768;846930886;3.276800e+04;0.000000e+00;1.380015e+01;1.699671e+03;pcore
0;dgetrf_nopiv;24;1;1;1;0;1750;32768;32768;32768;846930886;3.276800e+04;0.000000e+00;1.597639e+01;1.468148e+03;nocuda
0;dgetrf_nopiv;24;1;1;1;0;600;32768;32768;32768;846930886;3.276800e+04;0.000000e+00;2.425728e+01;9.669557e+02;nocuda
0;dpotrf;24;1;1;1;0;1024;121;32768;32768;846930886;0.000000e+00;9.767325e+00;1.200806e+03;nocuda
0;dpotrf;23;1;1;1;0;2048;121;32768;32768;846930886;0.000000e+00;7.592764e+00;1.544716e+03;pcore
0;dpotrf;24;1;1;1;0;2048;121;32768;32768;846930886;0.000000e+00;8.336768e+00;1.406859e+03;nocuda
0;dgetrf_nopiv;23;1;1;1;0;1024;32768;32768;32768;846930886;3.276800e+04;0.000000e+00;1.308911e+01;1.792002e+03;pcore
0;dpotrf;24;1;1;1;0;1250;121;32768;32768;846930886;0.000000e+00;9.957578e+00;1.177863e+03;nocuda
0;dgetrf_nopiv;24;1;1;1;0;1024;32768;32768;32768;846930886;3.276800e+04;0.000000e+00;1.833110e+01;1.279558e+03;nocuda
0;dpotrf;23;1;1;1;0;400;121;32768;32768;846930886;0.000000e+00;9.711418e+00;1.207719e+03;pcore
0;dgetrf_nopiv;24;1;1;1;0;800;32768;32768;32768;846930886;3.276800e+04;0.000000e+00;2.154671e+01;1.088598e+03;nocuda
0;dpotrf;24;1;1;1;0;1024;121;32768;32768;846930886;0.000000e+00;9.701037e+00;1.209011e+03;nocuda
0;dgetrf_nopiv;23;1;1;1;0;1024;32768;32768;32768;846930886;3.276800e+04;0.000000e+00;1.310999e+01;1.789148e+03;pcore
0;dpotrf;23;1;1;1;0;320;121;32768;32768;846930886;0.000000e+00;1.214208e+01;9.659518e+02;pcore
0;dpotrf;24;1;1;1;0;256;121;32768;32768;846930886;0.000000e+00;1.481698e+01;7.915687e+02;nocuda
0;dgetrf_nopiv;23;1;1;1;0;600;32768;32768;32768;846930886;3.276800e+04;0.000000e+00;1.721201e+01;1.362752e+03;pcore
0;dgetrf_nopiv;24;1;1;1;0;1250;32768;32768;32768;846930886;3.276800e+04;0.000000e+00;1.877907e+01;1.249035e+03;nocuda
0;dpotrf;23;1;1;1;0;800;121;32768;32768;846930886;0.000000e+00;7.719160e+00;1.519422e+03;pcore
0;dpotrf;24;1;1;1;0;1750;121;32768;32768;846930886;0.000000e+00;9.232611e+00;1.270351e+03;nocuda
0;dgetrf_nopiv;23;1;1;1;0;1500;32768;32768;32768;846930886;3.276800e+04;0.000000e+00;1.370574e+01;1.711378e+03;pcore
0;dpotrf;23;1;1;1;0;128;121;32768;32768;846930886;0.000000e+00;3.249676e+01;3.609179e+02;pcore
0;dgetrf_nopiv;23;1;1;1;0;1024;32768;32768;32768;846930886;3.276800e+04;0.000000e+00;1.306190e+01;1.795735e+03;pcore
0;dpotrf;23;1;1;1;0;1500;121;32768;32768;846930886;0.000000e+00;7.504167e+00;1.562953e+03;pcore
0;dgetrf_nopiv;24;1;1;1;0;256;32768;32768;32768;846930886;3.276800e+04;0.000000e+00;2.995078e+01;7.831420e+02;nocuda
0;dpotrf;23;1;1;1;0;600;121;32768;32768;846930886;0.000000e+00;8.672493e+00;1.352398e+03;pcore
0;dgetrf_nopiv;23;1;1;1;0;1250;32768;32768;32768;846930886;3.276800e+04;0.000000e+00;1.500434e+01;1.563262e+03;pcore
0;dpotrf;23;1;1;1;0;320;121;32768;32768;846930886;0.000000e+00;1.215660e+01;9.647980e+02;pcore
0;dgetrf_nopiv;23;1;1;1;0;256;32768;32768;32768;846930886;3.276800e+04;0.000000e+00;2.391932e+01;9.806179e+02;pcore
0;dpotrf;23;1;1;1;0;512;121;32768;32768;846930886;0.000000e+00;6.741457e+00;1.739781e+03;pcore
0;dpotrf;23;1;1;1;0;2048;121;32768;32768;846930886;0.000000e+00;7.574768e+00;1.548386e+03;pcore
0;dgetrf_nopiv;24;1;1;1;0;512;32768;32768;32768;846930886;3.276800e+04;0.000000e+00;1.949043e+01;1.203448e+03;nocuda
0;dpotrf;24;1;1;1;0;400;121;32768;32768;846930886;0.000000e+00;1.341621e+01;8.742159e+02;nocuda
0;dpotrf;23;1;1;1;0;1750;121;32768;32768;846930886;0.000000e+00;8.653202e+00;1.355413e+03;pcore
0;dpotrf;24;1;1;1;0;2048;121;32768;32768;846930886;0.000000e+00;8.143913e+00;1.440175e+03;nocuda
0;dgetrf_nopiv;24;1;1;1;0;1500;32768;32768;32768;846930886;3.276800e+04;0.000000e+00;1.681415e+01;1.394998e+03;nocuda
0;dpotrf;24;1;1;1;0;600;121;32768;32768;846930886;0.000000e+00;1.245769e+01;9.414796e+02;nocuda
0;dpotrf;23;1;1;1;0;1500;121;32768;32768;846930886;0.000000e+00;7.438550e+00;1.576740e+03;pcore
0;dgetrf_nopiv;24;1;1;1;0;512;32768;32768;32768;846930886;3.276800e+04;0.000000e+00;1.955602e+01;1.199411e+03;nocuda
0;dpotrf;24;1;1;1;0;600;121;32768;32768;846930886;0.000000e+00;1.231503e+01;9.523857e+02;nocuda
0;dgetrf_nopiv;23;1;1;1;0;320;32768;32768;32768;846930886;3.276800e+04;0.000000e+00;2.371296e+01;9.891514e+02;pcore
0;dgetrf_nopiv;23;1;1;1;0;1500;32768;32768;32768;846930886;3.276800e+04;0.000000e+00;1.367791e+01;1.714861e+03;pcore
0;dgetrf_nopiv;24;1;1;1;0;600;32768;32768;32768;846930886;3.276800e+04;0.000000e+00;2.421711e+01;9.685595e+02;nocuda
0;dpotrf;23;1;1;1;0;800;121;32768;32768;846930886;0.000000e+00;7.690930e+00;1.524999e+03;pcore
0;dgetrf_nopiv;24;1;1;1;0;1024;32768;32768;32768;846930886;3.276800e+04;0.000000e+00;1.821477e+01;1.287730e+03;nocuda
0;dpotrf;24;1;1;1;0;512;121;32768;32768;846930886;0.000000e+00;1.006720e+01;1.165037e+03;nocuda
0;dgetrf_nopiv;24;1;1;1;0;320;32768;32768;32768;846930886;3.276800e+04;0.000000e+00;2.992050e+01;7.839344e+02;nocuda
0;dgetrf_nopiv;23;1;1;1;0;800;32768;32768;32768;846930886;3.276800e+04;0.000000e+00;1.512609e+01;1.550679e+03;pcore
0;dgetrf_nopiv;24;1;1;1;0;400;32768;32768;32768;846930886;3.276800e+04;0.000000e+00;2.544612e+01;9.217796e+02;nocuda
0;dpotrf;23;1;1;1;0;1500;121;32768;32768;846930886;0.000000e+00;7.466038e+00;1.570935e+03;pcore
0;dgetrf_nopiv;23;1;1;1;0;1024;32768;32768;32768;846930886;3.276800e+04;0.000000e+00;1.315694e+01;1.782763e+03;pcore
0;dpotrf;24;1;1;1;0;1024;121;32768;32768;846930886;0.000000e+00;9.645806e+00;1.215934e+03;nocuda
0;dpotrf;23;1;1;1;0;1750;121;32768;32768;846930886;0.000000e+00;8.600715e+00;1.363684e+03;pcore
0;dgetrf_nopiv;24;1;1;1;0;128;32768;32768;32768;846930886;3.276800e+04;0.000000e+00;6.219644e+01;3.771231e+02;nocuda
0;dgetrf_nopiv;24;1;1;1;0;1500;32768;32768;32768;846930886;3.276800e+04;0.000000e+00;1.692511e+01;1.385853e+03;nocuda
0;dpotrf;24;1;1;1;0;400;121;32768;32768;846930886;0.000000e+00;1.340418e+01;8.750002e+02;nocuda
0;dpotrf;24;1;1;1;0;512;121;32768;32768;846930886;0.000000e+00;1.010898e+01;1.160222e+03;nocuda
