0;spotrf;23;1;1;1;0;128;121;32768;32768;846930886;0.000000e+00;4.546763e+01;2.579563e+02;ecore
0;spotrf;23;1;1;1;0;2048;121;32768;32768;846930886;0.000000e+00;1.216419e+00;9.641959e+03;ecore
0;sgetrf_nopiv;23;1;1;1;0;1250;32768;32768;32768;846930886;0.000000e+00;0.000000e+00;1.141081e+00;2.055569e+04;ecore
0;spotrf;24;1;1;1;0;400;121;32768;32768;846930886;0.000000e+00;3.880558e+00;3.022416e+03;nocuda
0;sgetrf_nopiv;23;1;1;1;0;400;32768;32768;32768;846930886;0.000000e+00;0.000000e+00;4.263525e+00;5.501483e+03;ecore
0;spotrf;23;1;1;1;0;320;121;32768;32768;846930886;0.000000e+00;4.552138e+00;2.576517e+03;ecore
0;spotrf;23;1;1;1;0;800;121;32768;32768;846930886;0.000000e+00;7.198491e-01;1.629322e+04;ecore
0;sgetrf_nopiv;23;1;1;1;0;800;32768;32768;32768;846930886;0.000000e+00;0.000000e+00;1.154773e+00;2.031197e+04;pcore
0;sgetrf_nopiv;23;1;1;1;0;512;32768;32768;32768;846930886;0.000000e+00;0.000000e+00;2.268626e+00;1.033917e+04;ecore
0;sgetrf_nopiv;24;1;1;1;0;400;32768;32768;32768;846930886;0.000000e+00;0.000000e+00;7.579369e+00;3.094679e+03;nocuda
0;sgetrf_nopiv;23;1;1;1;0;128;32768;32768;32768;846930886;0.000000e+00;0.000000e+00;8.321735e+01;2.818608e+02;ecore
0;spotrf;23;1;1;1;0;1250;121;32768;32768;846930886;0.000000e+00;5.430563e-01;2.159751e+04;pcore
0;sgetrf_nopiv;24;1;1;1;0;600;32768;32768;32768;846930886;0.000000e+00;0.000000e+00;3.400743e+00;6.897231e+03;nocuda
0;sgetrf_nopiv;24;1;1;1;0;1024;32768;32768;32768;846930886;0.000000e+00;0.000000e+00;1.844069e+00;1.271954e+04;nocuda
0;spotrf;23;1;1;1;0;600;121;32768;32768;846930886;0.000000e+00;8.468453e-01;1.384983e+04;ecore
0;spotrf;24;1;1;1;0;600;121;32768;32768;846930886;0.000000e+00;1.916669e+00;6.119292e+03;nocuda
0;spotrf;23;1;1;1;0;256;121;32768;32768;846930886;0.000000e+00;4.529404e+00;2.589449e+03;ecore
0;sgetrf_nopiv;23;1;1;1;0;1024;32768;32768;32768;846930886;0.000000e+00;0.000000e+00;8.952196e-01;2.620107e+04;pcore
0;spotrf;24;1;1;1;0;1250;121;32768;32768;846930886;0.000000e+00;1.121772e+00;1.045548e+04;nocuda
0;sgetrf_nopiv;23;1;1;1;0;1250;32768;32768;32768;846930886;0.000000e+00;0.000000e+00;1.202960e+00;1.949833e+04;ecore
0;sgetrf_nopiv;23;1;1;1;0;256;32768;32768;32768;846930886;0.000000e+00;0.000000e+00;1.598186e+01;1.467646e+03;pcore
0;sgetrf_nopiv;24;1;1;1;0;1750;32768;32768;32768;846930886;0.000000e+00;0.000000e+00;2.192200e+00;1.069962e+04;nocuda
0;sgetrf_nopiv;24;1;1;1;0;1500;32768;32768;32768;846930886;0.000000e+00;0.000000e+00;2.018344e+00;1.162126e+04;nocuda
0;spotrf;23;1;1;1;0;1024;121;32768;32768;846930886;0.000000e+00;5.204030e-01;2.253765e+04;ecore
0;spotrf;23;1;1;1;0;2048;121;32768;32768;846930886;0.000000e+00;6.553984e-01;1.789547e+04;pcore
0;spotrf;23;1;1;1;0;800;121;32768;32768;846930886;0.000000e+00;6.848602e-01;1.712563e+04;pcore
0;sgetrf_nopiv;24;1;1;1;0;800;32768;32768;32768;846930886;0.000000e+00;0.000000e+00;2.597967e+00;9.028486e+03;nocuda
0;spotrf;24;1;1;1;0;1750;121;32768;32768;846930886;0.000000e+00;1.259105e+00;9.315078e+03;nocuda
0;sgetrf_nopiv;23;1;1;1;0;400;32768;32768;32768;846930886;0.000000e+00;0.000000e+00;4.243980e+00;5.526819e+03;pcore
0;spotrf;23;1;1;1;0;800;121;32768;32768;846930886;0.000000e+00;6.882765e-01;1.704062e+04;pcore
0;spotrf;23;1;1;1;0;1750;121;32768;32768;846930886;0.000000e+00;9.008955e-01;1.301889e+04;ecore
0;spotrf;24;1;1;1;0;320;121;32768;32768;846930886;0.000000e+00;6.162902e+00;1.903107e+03;nocuda
0;spotrf;23;1;1;1;0;1250;121;32768;32768;846930886;0.000000e+00;5.426924e-01;2.161199e+04;pcore
0;spotrf;23;1;1;1;0;128;121;32768;32768;846930886;0.000000e+00;4.477757e+01;2.619316e+02;ecore
0;spotrf;23;1;1;1;0;1500;121;32768;32768;846930886;0.000000e+00;5.442246e-01;2.155114e+04;pcore
0;sgetrf_nopiv;24;1;1;1;0;1250;32768;32768;32768;846930886;0.000000e+00;0.000000e+00;1.966461e+00;1.192788e+04;nocuda
0;sgetrf_nopiv;24;1;1;1;0;1500;32768;32768;32768;846930886;0.000000e+00;0.000000e+00;2.047263e+00;1.145711e+04;nocuda
0;spotrf;24;1;1;1;0;600;121;32768;32768;846930886;0.000000e+00;1.857403e+00;6.314548e+03;nocuda
0;sgetrf_nopiv;23;1;1;1;0;256;32768;32768;32768;846930886;0.000000e+00;0.000000e+00;1.597530e+01;1.468248e+03;ecore
0;spotrf;23;1;1;1;0;320;121;32768;32768;846930886;0.000000e+00;4.011498e+00;2.923761e+03;pcore
0;sgetrf_nopiv;23;1;1;1;0;128;32768;32768;32768;846930886;0.000000e+00;0.000000e+00;8.212144e+01;2.856222e+02;ecore
0;spotrf;23;1;1;1;0;1750;121;32768;32768;846930886;0.000000e+00;9.009971e-01;1.301742e+04;ecore
0;sgetrf_nopiv;23;1;1;1;0;320;32768;32768;32768;846930886;0.000000e+00;0.000000e+00;7.348598e+00;3.191862e+03;ecore
0;spotrf;24;1;1;1;0;1024;121;32768;32768;846930886;0.000000e+00;1.170330e+00;1.002167e+04;nocuda
0;spotrf;24;1;1;1;0;800;121;32768;32768;846930886;0.000000e+00;1.550640e+00;7.563755e+03;nocuda
0;sgetrf_nopiv;23;1;1;1;0;600;32768;32768;32768;846930886;0.000000e+00;0.000000e+00;1.698373e+00;1.381070e+04;ecore
0;spotrf;23;1;1;1;0;1024;121;32768;32768;846930886;0.000000e+00;4.789162e-01;2.449001e+04;pcore
0;spotrf;23;1;1;1;0;1750;121;32768;32768;846930886;0.000000e+00;5.665369e-01;2.070238e+04;pcore
0;sgetrf_nopiv;24;1;1;1;0;400;32768;32768;32768;846930886;0.000000e+00;0.000000e+00;7.424770e+00;3.159116e+03;nocuda
0;sgetrf_nopiv;23;1;1;1;0;1750;32768;32768;32768;846930886;0.000000e+00;0.000000e+00;1.067670e+00;2.196906e+04;pcore
0;spotrf;23;1;1;1;0;800;121;32768;32768;846930886;0.000000e+00;6.866828e-01;1.708017e+04;pcore
0;spotrf;23;1;1;1;0;400;121;32768;32768;846930886;0.000000e+00;2.353734e+00;4.983002e+03;ecore
0;sgetrf_nopiv;23;1;1;1;0;128;32768;32768;32768;846930886;0.000000e+00;0.000000e+00;8.766072e+01;2.675738e+02;pcore
0;spotrf;23;1;1;1;0;320;121;32768;32768;846930886;0.000000e+00;4.031602e+00;2.909181e+03;ecore
0;spotrf;24;1;1;1;0;2048;121;32768;32768;846930886;0.000000e+00;1.390375e+00;8.435609e+03;nocuda
0;sgetrf_nopiv;23;1;1;1;0;320;32768;32768;32768;846930886;0.000000e+00;0.000000e+00;7.411155e+00;3.164920e+03;ecore
0;sgetrf_nopiv;23;1;1;1;0;1500;32768;32768;32768;846930886;0.000000e+00;0.000000e+00;9.793844e-01;2.394944e+04;pcore
0;sgetrf_nopiv;23;1;1;1;0;320;32768;32768;32768;846930886;0.000000e+00;0.000000e+00;7.392221e+00;3.173026e+03;pcore
0;sgetrf_nopiv;23;1;1;1;0;256;32768;32768;32768;846930886;0.000000e+00;0.000000e+00;1.609420e+01;1.457401e+03;ecore
0;spotrf;23;1;1;1;0;400;121;32768;32768;846930886;0.000000e+00;2.351537e+00;4.987658e+03;ecore
0;spotrf;23;1;1;1;0;128;121;32768;32768;846930886;0.000000e+00;4.357675e+01;2.691495e+02;pcore
0;spotrf;24;1;1;1;0;128;121;32768;32768;846930886;0.000000e+00;3.103292e+01;3.779425e+02;nocuda
0;sgetrf_nopiv;23;1;1;1;0;512;32768;32768;32768;846930886;0.000000e+00;0.000000e+00;2.272064e+00;1.032353e+04;pcore
0;spotrf;24;1;1;1;0;1500;121;32768;32768;846930886;0.000000e+00;1.105935e+00;1.060520e+04;nocuda
0;spotrf;24;1;1;1;0;320;121;32768;32768;846930886;0.000000e+00;6.212590e+00;1.887886e+03;nocuda
0;sgetrf_nopiv;24;1;1;1;0;256;32768;32768;32768;846930886;0.000000e+00;0.000000e+00;2.005727e+01;1.169437e+03;nocuda
0;sgetrf_nopiv;23;1;1;1;0;1500;32768;32768;32768;846930886;0.000000e+00;0.000000e+00;1.484854e+00;1.579665e+04;ecore
0;spotrf;24;1;1;1;0;400;121;32768;32768;846930886;0.000000e+00;4.222429e+00;2.777705e+03;nocuda
0;sgetrf_nopiv;23;1;1;1;0;800;32768;32768;32768;846930886;0.000000e+00;0.000000e+00;1.233582e+00;1.901431e+04;ecore
0;sgetrf_nopiv;23;1;1;1;0;1500;32768;32768;32768;846930886;0.000000e+00;0.000000e+00;1.480093e+00;1.584746e+04;ecore
0;sgetrf_nopiv;24;1;1;1;0;2048;32768;32768;32768;846930886;0.000000e+00;0.000000e+00;2.367002e+00;9.909459e+03;nocuda
0;sgetrf_nopiv;24;1;1;1;0;2048;32768;32768;32768;846930886;0.000000e+00;0.000000e+00;2.204697e+00;1.063897e+04;nocuda
0;sgetrf_nopiv;24;1;1;1;0;1750;32768;32768;32768;846930886;0.000000e+00;0.000000e+00;2.172669e+00;1.079580e+04;nocuda
0;sgetrf_nopiv;24;1;1;1;0;600;32768;32768;32768;846930886;0.000000e+00;0.000000e+00;3.443532e+00;6.811526e+03;nocuda
0;sgetrf_nopiv;23;1;1;1;0;1024;32768;32768;32768;846930886;0.000000e+00;0.000000e+00;1.047113e+00;2.240037e+04;ecore
0;sgetrf_nopiv;24;1;1;1;0;1024;32768;32768;32768;846930886;0.000000e+00;0.000000e+00;1.867138e+00;1.256239e+04;nocuda
0;spotrf;23;1;1;1;0;1024;121;32768;32768;846930886;0.000000e+00;5.203127e-01;2.254156e+04;ecore
0;sgetrf_nopiv;23;1;1;1;0;400;32768;32768;32768;846930886;0.000000e+00;0.000000e+00;4.188485e+00;5.600047e+03;ecore
0;spotrf;23;1;1;1;0;400;121;32768;32768;846930886;0.000000e+00;2.396653e+00;4.893767e+03;pcore
0;sgetrf_nopiv;23;1;1;1;0;256;32768;32768;32768;846930886;0.000000e+00;0.000000e+00;1.585072e+01;1.479788e+03;ecore
0;spotrf;23;1;1;1;0;1024;121;32768;32768;846930886;0.000000e+00;4.791075e-01;2.448023e+04;pcore
0;sgetrf_nopiv;23;1;1;1;0;512;32768;32768;32768;846930886;0.000000e+00;0.000000e+00;2.245193e+00;1.044708e+04;pcore
0;sgetrf_nopiv;23;1;1;1;0;1024;32768;32768;32768;846930886;0.000000e+00;0.000000e+00;1.038051e+00;2.259592e+04;ecore
0;spotrf;23;1;1;1;0;1024;121;32768;32768;846930886;0.000000e+00;4.799660e-01;2.443644e+04;pcore
0;sgetrf_nopiv;24;1;1;1;0;2048;32768;32768;32768;846930886;0.000000e+00;0.000000e+00;2.348702e+00;9.986670e+03;nocuda
0;sgetrf_nopiv;24;1;1;1;0;2048;32768;32768;32768;846930886;0.000000e+00;0.000000e+00;2.450740e+00;9.570871e+03;nocuda
0;sgetrf_nopiv;24;1;1;1;0;600;32768;32768;32768;846930886;0.000000e+00;0.000000e+00;3.420958e+00;6.856474e+03;nocuda
0;sgetrf_nopiv;23;1;1;1;0;512;32768;32768;32768;846930886;0.000000e+00;0.000000e+00;2.305057e+00;1.017576e+04;ecore
0;sgetrf_nopiv;23;1;1;1;0;256;32768;32768;32768;846930886;0.000000e+00;0.000000e+00;1.596423e+01;1.469267e+03;ecore
0;sgetrf_nopiv;24;1;1;1;0;600;32768;32768;32768;846930886;0.000000e+00;0.000000e+00;3.361946e+00;6.976826e+03;nocuda
0;spotrf;23;1;1;1;0;2048;121;32768;32768;846930886;0.000000e+00;6.547674e-01;1.791271e+04;pcore
0;sgetrf_nopiv;24;1;1;1;0;256;32768;32768;32768;846930886;0.000000e+00;0.000000e+00;1.929608e+01;1.215569e+03;nocuda
0;sgetrf_nopiv;23;1;1;1;0;2048;32768;32768;32768;846930886;0.000000e+00;0.000000e+00;1.210867e+00;1.937100e+04;pcore
0;sgetrf_nopiv;23;1;1;1;0;600;32768;32768;32768;846930886;0.000000e+00;0.000000e+00;1.673763e+00;1.401376e+04;pcore
0;spotrf;24;1;1;1;0;256;121;32768;32768;846930886;0.000000e+00;8.648409e+00;1.356164e+03;nocuda
0;spotrf;24;1;1;1;0;512;121;32768;32768;846930886;0.000000e+00;2.569594e+00;4.564402e+03;nocuda
0;spotrf;23;1;1;1;0;2048;121;32768;32768;846930886;0.000000e+00;1.216659e+00;9.640052e+03;ecore
0;sgetrf_nopiv;23;1;1;1;0;1024;32768;32768;32768;846930886;0.000000e+00;0.000000e+00;8.947493e-01;2.621484e+04;pcore
0;sgetrf_nopiv;23;1;1;1;0;320;32768;32768;32768;846930886;0.000000e+00;0.000000e+00;7.762049e+00;3.021845e+03;pcore
0;sgetrf_nopiv;23;1;1;1;0;512;32768;32768;32768;846930886;0.000000e+00;0.000000e+00;2.259695e+00;1.038003e+04;pcore
0;sgetrf_nopiv;24;1;1;1;0;1750;32768;32768;32768;846930886;0.000000e+00;0.000000e+00;2.090691e+00;1.121912e+04;nocuda
0;sgetrf_nopiv;23;1;1;1;0;600;32768;32768;32768;846930886;0.000000e+00;0.000000e+00;1.686362e+00;1.390906e+04;ecore
0;spotrf;24;1;1;1;0;1500;121;32768;32768;846930886;0.000000e+00;1.141213e+00;1.027736e+04;nocuda
0;sgetrf_nopiv;23;1;1;1;0;400;32768;32768;32768;846930886;0.000000e+00;0.000000e+00;4.166454e+00;5.629658e+03;pcore
0;spotrf;24;1;1;1;0;1024;121;32768;32768;846930886;0.000000e+00;1.169846e+00;1.002582e+04;nocuda
0;sgetrf_nopiv;24;1;1;1;0;1250;32768;32768;32768;846930886;0.000000e+00;0.000000e+00;1.996350e+00;1.174930e+04;nocuda
0;sgetrf_nopiv;23;1;1;1;0;2048;32768;32768;32768;846930886;0.000000e+00;0.000000e+00;2.363897e+00;9.922474e+03;ecore
0;spotrf;24;1;1;1;0;1250;121;32768;32768;846930886;0.000000e+00;1.039581e+00;1.128211e+04;nocuda
0;spotrf;23;1;1;1;0;128;121;32768;32768;846930886;0.000000e+00;4.225604e+01;2.775617e+02;ecore
0;spotrf;23;1;1;1;0;1024;121;32768;32768;846930886;0.000000e+00;4.779931e-01;2.453730e+04;pcore
0;sgetrf_nopiv;23;1;1;1;0;400;32768;32768;32768;846930886;0.000000e+00;0.000000e+00;4.186063e+00;5.603287e+03;pcore
0;spotrf;24;1;1;1;0;1250;121;32768;32768;846930886;0.000000e+00;1.159868e+00;1.011207e+04;nocuda
0;spotrf;24;1;1;1;0;1750;121;32768;32768;846930886;0.000000e+00;1.104303e+00;1.062087e+04;nocuda
0;spotrf;23;1;1;1;0;2048;121;32768;32768;846930886;0.000000e+00;6.548287e-01;1.791104e+04;pcore
0;spotrf;24;1;1;1;0;400;121;32768;32768;846930886;0.000000e+00;4.126687e+00;2.842149e+03;nocuda
0;spotrf;23;1;1;1;0;400;121;32768;32768;846930886;0.000000e+00;2.346420e+00;4.998534e+03;pcore
0;spotrf;23;1;1;1;0;1750;121;32768;32768;846930886;0.000000e+00;9.008887e-01;1.301899e+04;ecore
0;spotrf;23;1;1;1;0;600;121;32768;32768;846930886;0.000000e+00;8.500443e-01;1.379771e+04;ecore
0;sgetrf_nopiv;23;1;1;1;0;1024;32768;32768;32768;846930886;0.000000e+00;0.000000e+00;8.941288e-01;2.623303e+04;pcore
0;sgetrf_nopiv;24;1;1;1;0;256;32768;32768;32768;846930886;0.000000e+00;0.000000e+00;1.998470e+01;1.173683e+03;nocuda
0;sgetrf_nopiv;23;1;1;1;0;320;32768;32768;32768;846930886;0.000000e+00;0.000000e+00;7.358549e+00;3.187546e+03;ecore
0;sgetrf_nopiv;23;1;1;1;0;128;32768;32768;32768;846930886;0.000000e+00;0.000000e+00;8.569493e+01;2.737118e+02;ecore
0;sgetrf_nopiv;23;1;1;1;0;1500;32768;32768;32768;846930886;0.000000e+00;0.000000e+00;1.481375e+00;1.583374e+04;ecore
0;sgetrf_nopiv;23;1;1;1;0;1250;32768;32768;32768;846930886;0.000000e+00;0.000000e+00;9.707483e-01;2.416251e+04;pcore
0;sgetrf_nopiv;23;1;1;1;0;2048;32768;32768;32768;846930886;0.000000e+00;0.000000e+00;2.363283e+00;9.925052e+03;ecore
0;sgetrf_nopiv;23;1;1;1;0;400;32768;32768;32768;846930886;0.000000e+00;0.000000e+00;4.183152e+00;5.607186e+03;ecore
0;spotrf;23;1;1;1;0;1250;121;32768;32768;846930886;0.000000e+00;6.071991e-01;1.931601e+04;ecore
0;sgetrf_nopiv;23;1;1;1;0;256;32768;32768;32768;846930886;0.000000e+00;0.000000e+00;1.577169e+01;1.487203e+03;ecore
0;sgetrf_nopiv;23;1;1;1;0;1500;32768;32768;32768;846930886;0.000000e+00;0.000000e+00;1.481304e+00;1.583450e+04;ecore
0;spotrf;23;1;1;1;0;512;121;32768;32768;846930886;0.000000e+00;1.177960e+00;9.956759e+03;ecore
0;sgetrf_nopiv;23;1;1;1;0;128;32768;32768;32768;846930886;0.000000e+00;0.000000e+00;8.276961e+01;2.833856e+02;pcore
0;sgetrf_nopiv;23;1;1;1;0;1750;32768;32768;32768;846930886;0.000000e+00;0.000000e+00;1.859155e+00;1.261633e+04;ecore
0;spotrf;24;1;1;1;0;320;121;32768;32768;846930886;0.000000e+00;6.127891e+00;1.913980e+03;nocuda
0;sgetrf_nopiv;23;1;1;1;0;2048;32768;32768;32768;846930886;0.000000e+00;0.000000e+00;1.209788e+00;1.938828e+04;pcore
0;spotrf;23;1;1;1;0;600;121;32768;32768;846930886;0.000000e+00;8.561710e-01;1.369897e+04;ecore
0;spotrf;23;1;1;1;0;320;121;32768;32768;846930886;0.000000e+00;4.382942e+00;2.675979e+03;ecore
0;spotrf;23;1;1;1;0;1250;121;32768;32768;846930886;0.000000e+00;5.438803e-01;2.156478e+04;pcore
0;sgetrf_nopiv;24;1;1;1;0;512;32768;32768;32768;846930886;0.000000e+00;0.000000e+00;4.475540e+00;5.240867e+03;nocuda
0;spotrf;23;1;1;1;0;400;121;32768;32768;846930886;0.000000e+00;2.333419e+00;5.026384e+03;pcore
0;sgetrf_nopiv;24;1;1;1;0;128;32768;32768;32768;846930886;0.000000e+00;0.000000e+00;4.628735e+01;5.067413e+02;nocuda
0;spotrf;24;1;1;1;0;1250;121;32768;32768;846930886;0.000000e+00;1.127569e+00;1.040173e+04;nocuda
0;sgetrf_nopiv;23;1;1;1;0;320;32768;32768;32768;846930886;0.000000e+00;0.000000e+00;7.360142e+00;3.186856e+03;pcore
0;sgetrf_nopiv;24;1;1;1;0;1500;32768;32768;32768;846930886;0.000000e+00;0.000000e+00;1.957545e+00;1.198221e+04;nocuda
0;spotrf;23;1;1;1;0;256;121;32768;32768;846930886;0.000000e+00;4.501863e+00;2.605291e+03;pcore
0;spotrf;24;1;1;1;0;128;121;32768;32768;846930886;0.000000e+00;2.984684e+01;3.929615e+02;nocuda
0;sgetrf_nopiv;23;1;1;1;0;1500;32768;32768;32768;846930886;0.000000e+00;0.000000e+00;9.774963e-01;2.399570e+04;pcore
0;sgetrf_nopiv;24;1;1;1;0;1500;32768;32768;32768;846930886;0.000000e+00;0.000000e+00;1.898357e+00;1.235579e+04;nocuda
0;spotrf;23;1;1;1;0;256;121;32768;32768;846930886;0.000000e+00;4.554616e+00;2.575115e+03;pcore
0;sgetrf_nopiv;23;1;1;1;0;1250;32768;32768;32768;846930886;0.000000e+00;0.000000e+00;9.700123e-01;2.418084e+04;pcore
0;sgetrf_nopiv;23;1;1;1;0;1024;32768;32768;32768;846930886;0.000000e+00;0.000000e+00;8.922218e-01;2.628910e+04;pcore
0;sgetrf_nopiv;24;1;1;1;0;1250;32768;32768;32768;846930886;0.000000e+00;0.000000e+00;2.004198e+00;1.170329e+04;nocuda
0;spotrf;23;1;1;1;0;600;121;32768;32768;846930886;0.000000e+00;8.432546e-01;1.390880e+04;pcore
0;spotrf;23;1;1;1;0;1500;121;32768;32768;846930886;0.000000e+00;6.839688e-01;1.714795e+04;ecore
0;spotrf;23;1;1;1;0;1250;121;32768;32768;846930886;0.000000e+00;6.068868e-01;1.932595e+04;ecore
0;spotrf;23;1;1;1;0;128;121;32768;32768;846930886;0.000000e+00;4.456605e+01;2.631748e+02;pcore
0;spotrf;23;1;1;1;0;512;121;32768;32768;846930886;0.000000e+00;1.176029e+00;9.973104e+03;ecore
0;sgetrf_nopiv;23;1;1;1;0;1024;32768;32768;32768;846930886;0.000000e+00;0.000000e+00;1.044571e+00;2.245487e+04;ecore
0;spotrf;23;1;1;1;0;2048;121;32768;32768;846930886;0.000000e+00;6.552283e-01;1.790011e+04;pcore
0;spotrf;24;1;1;1;0;320;121;32768;32768;846930886;0.000000e+00;6.190155e+00;1.894728e+03;nocuda
0;spotrf;23;1;1;1;0;512;121;32768;32768;846930886;0.000000e+00;1.168049e+00;1.004124e+04;pcore
0;sgetrf_nopiv;23;1;1;1;0;2048;32768;32768;32768;846930886;0.000000e+00;0.000000e+00;2.363975e+00;9.922151e+03;ecore
0;spotrf;23;1;1;1;0;800;121;32768;32768;846930886;0.000000e+00;6.900686e-01;1.699637e+04;pcore
0;spotrf;23;1;1;1;0;1500;121;32768;32768;846930886;0.000000e+00;6.834828e-01;1.716014e+04;ecore
0;spotrf;23;1;1;1;0;1500;121;32768;32768;846930886;0.000000e+00;5.442887e-01;2.154860e+04;pcore
0;spotrf;24;1;1;1;0;128;121;32768;32768;846930886;0.000000e+00;3.112320e+01;3.768463e+02;nocuda
0;sgetrf_nopiv;24;1;1;1;0;320;32768;32768;32768;846930886;0.000000e+00;0.000000e+00;1.211139e+01;1.936666e+03;nocuda
0;spotrf;23;1;1;1;0;512;121;32768;32768;846930886;0.000000e+00;1.163441e+00;1.008101e+04;pcore
0;spotrf;24;1;1;1;0;256;121;32768;32768;846930886;0.000000e+00;8.234665e+00;1.424303e+03;nocuda
0;spotrf;23;1;1;1;0;512;121;32768;32768;846930886;0.000000e+00;1.196460e+00;9.802803e+03;pcore
0;spotrf;24;1;1;1;0;256;121;32768;32768;846930886;0.000000e+00;8.790259e+00;1.334279e+03;nocuda
0;spotrf;23;1;1;1;0;1500;121;32768;32768;846930886;0.000000e+00;5.443329e-01;2.154685e+04;pcore
0;spotrf;24;1;1;1;0;400;121;32768;32768;846930886;0.000000e+00;4.196396e+00;2.794937e+03;nocuda
0;spotrf;23;1;1;1;0;2048;121;32768;32768;846930886;0.000000e+00;1.215888e+00;9.646167e+03;ecore
0;spotrf;24;1;1;1;0;1750;121;32768;32768;846930886;0.000000e+00;1.107853e+00;1.058684e+04;nocuda
0;sgetrf_nopiv;23;1;1;1;0;600;32768;32768;32768;846930886;0.000000e+00;0.000000e+00;1.702150e+00;1.378005e+04;ecore
0;sgetrf_nopiv;23;1;1;1;0;400;32768;32768;32768;846930886;0.000000e+00;0.000000e+00;4.179709e+00;5.611805e+03;pcore
0;spotrf;23;1;1;1;0;800;121;32768;32768;846930886;0.000000e+00;6.861255e-01;1.709405e+04;pcore
0;spotrf;24;1;1;1;0;800;121;32768;32768;846930886;0.000000e+00;1.550353e+00;7.565155e+03;nocuda
0;sgetrf_nopiv;23;1;1;1;0;1250;32768;32768;32768;846930886;0.000000e+00;0.000000e+00;9.728766e-01;2.410965e+04;pcore
0;sgetrf_nopiv;24;1;1;1;0;1500;32768;32768;32768;846930886;0.000000e+00;0.000000e+00;1.948744e+00;1.203632e+04;nocuda
0;sgetrf_nopiv;23;1;1;1;0;600;32768;32768;32768;846930886;0.000000e+00;0.000000e+00;1.662473e+00;1.410893e+04;pcore
0;spotrf;23;1;1;1;0;512;121;32768;32768;846930886;0.000000e+00;1.171667e+00;1.001023e+04;pcore
0;sgetrf_nopiv;23;1;1;1;0;1250;32768;32768;32768;846930886;0.000000e+00;0.000000e+00;1.181722e+00;1.984875e+04;ecore
0;sgetrf_nopiv;23;1;1;1;0;320;32768;32768;32768;846930886;0.000000e+00;0.000000e+00;7.594601e+00;3.088472e+03;ecore
0;spotrf;24;1;1;1;0;1500;121;32768;32768;846930886;0.000000e+00;1.157391e+00;1.013371e+04;nocuda
0;spotrf;23;1;1;1;0;600;121;32768;32768;846930886;0.000000e+00;8.463525e-01;1.385789e+04;ecore
0;sgetrf_nopiv;23;1;1;1;0;800;32768;32768;32768;846930886;0.000000e+00;0.000000e+00;1.192586e+00;1.966795e+04;pcore
0;sgetrf_nopiv;23;1;1;1;0;1750;32768;32768;32768;846930886;0.000000e+00;0.000000e+00;1.859168e+00;1.261624e+04;ecore
0;sgetrf_nopiv;24;1;1;1;0;2048;32768;32768;32768;846930886;0.000000e+00;0.000000e+00;2.116377e+00;1.108295e+04;nocuda
0;spotrf;23;1;1;1;0;512;121;32768;32768;846930886;0.000000e+00;1.178020e+00;9.956246e+03;ecore
0;sgetrf_nopiv;23;1;1;1;0;400;32768;32768;32768;846930886;0.000000e+00;0.000000e+00;4.167803e+00;5.627835e+03;pcore
0;spotrf;23;1;1;1;0;512;121;32768;32768;846930886;0.000000e+00;1.179536e+00;9.943451e+03;ecore
0;spotrf;23;1;1;1;0;1750;121;32768;32768;846930886;0.000000e+00;5.675609e-01;2.066503e+04;pcore
0;spotrf;24;1;1;1;0;400;121;32768;32768;846930886;0.000000e+00;4.118717e+00;2.847649e+03;nocuda
0;spotrf;23;1;1;1;0;128;121;32768;32768;846930886;0.000000e+00;4.487789e+01;2.613461e+02;ecore
0;spotrf;23;1;1;1;0;600;121;32768;32768;846930886;0.000000e+00;8.461006e-01;1.386202e+04;pcore
0;sgetrf_nopiv;23;1;1;1;0;128;32768;32768;32768;846930886;0.000000e+00;0.000000e+00;8.369808e+01;2.802419e+02;pcore
0;spotrf;23;1;1;1;0;1024;121;32768;32768;846930886;0.000000e+00;4.790689e-01;2.448220e+04;pcore
0;spotrf;23;1;1;1;0;320;121;32768;32768;846930886;0.000000e+00;4.375033e+00;2.680817e+03;pcore
0;spotrf;24;1;1;1;0;2048;121;32768;32768;846930886;0.000000e+00;1.401754e+00;8.367132e+03;nocuda
0;sgetrf_nopiv;23;1;1;1;0;1250;32768;32768;32768;846930886;0.000000e+00;0.000000e+00;9.687983e-01;2.421114e+04;pcore
0;sgetrf_nopiv;24;1;1;1;0;256;32768;32768;32768;846930886;0.000000e+00;0.000000e+00;1.907033e+01;1.229958e+03;nocuda
0;sgetrf_nopiv;24;1;1;1;0;800;32768;32768;32768;846930886;0.000000e+00;0.000000e+00;2.562418e+00;9.153742e+03;nocuda
0;spotrf;24;1;1;1;0;512;121;32768;32768;846930886;0.000000e+00;2.509808e+00;4.673131e+03;nocuda
0;sgetrf_nopiv;23;1;1;1;0;800;32768;32768;32768;846930886;0.000000e+00;0.000000e+00;1.233846e+00;1.901024e+04;ecore
0;spotrf;23;1;1;1;0;128;121;32768;32768;846930886;0.000000e+00;4.355214e+01;2.693016e+02;pcore
0;spotrf;23;1;1;1;0;1024;121;32768;32768;846930886;0.000000e+00;5.202023e-01;2.254635e+04;ecore
0;sgetrf_nopiv;24;1;1;1;0;400;32768;32768;32768;846930886;0.000000e+00;0.000000e+00;7.419617e+00;3.161310e+03;nocuda
0;sgetrf_nopiv;24;1;1;1;0;400;32768;32768;32768;846930886;0.000000e+00;0.000000e+00;7.420796e+00;3.160808e+03;nocuda
0;sgetrf_nopiv;24;1;1;1;0;320;32768;32768;32768;846930886;0.000000e+00;0.000000e+00;1.208848e+01;1.940337e+03;nocuda
0;spotrf;24;1;1;1;0;800;121;32768;32768;846930886;0.000000e+00;1.622025e+00;7.230876e+03;nocuda
0;sgetrf_nopiv;24;1;1;1;0;1024;32768;32768;32768;846930886;0.000000e+00;0.000000e+00;1.907131e+00;1.229895e+04;nocuda
0;sgetrf_nopiv;23;1;1;1;0;1750;32768;32768;32768;846930886;0.000000e+00;0.000000e+00;1.065668e+00;2.201035e+04;pcore
0;sgetrf_nopiv;23;1;1;1;0;1500;32768;32768;32768;846930886;0.000000e+00;0.000000e+00;1.481412e+00;1.583334e+04;ecore
0;sgetrf_nopiv;24;1;1;1;0;1750;32768;32768;32768;846930886;0.000000e+00;0.000000e+00;2.181435e+00;1.075242e+04;nocuda
0;spotrf;23;1;1;1;0;600;121;32768;32768;846930886;0.000000e+00;8.426192e-01;1.391929e+04;pcore
0;spotrf;24;1;1;1;0;2048;121;32768;32768;846930886;0.000000e+00;1.365331e+00;8.590340e+03;nocuda
0;sgetrf_nopiv;23;1;1;1;0;800;32768;32768;32768;846930886;0.000000e+00;0.000000e+00;1.205778e+00;1.945276e+04;pcore
0;spotrf;23;1;1;1;0;400;121;32768;32768;846930886;0.000000e+00;2.345768e+00;4.999924e+03;ecore
0;spotrf;23;1;1;1;0;800;121;32768;32768;846930886;0.000000e+00;7.033596e-01;1.667520e+04;ecore
0;spotrf;24;1;1;1;0;600;121;32768;32768;846930886;0.000000e+00;1.933500e+00;6.066026e+03;nocuda
0;sgetrf_nopiv;24;1;1;1;0;128;32768;32768;32768;846930886;0.000000e+00;0.000000e+00;5.155629e+01;4.549534e+02;nocuda
0;spotrf;23;1;1;1;0;256;121;32768;32768;846930886;0.000000e+00;4.362418e+00;2.688569e+03;ecore
0;sgetrf_nopiv;23;1;1;1;0;800;32768;32768;32768;846930886;0.000000e+00;0.000000e+00;1.191981e+00;1.967792e+04;pcore
0;spotrf;24;1;1;1;0;600;121;32768;32768;846930886;0.000000e+00;1.945648e+00;6.028151e+03;nocuda
0;sgetrf_nopiv;23;1;1;1;0;1750;32768;32768;32768;846930886;0.000000e+00;0.000000e+00;1.064459e+00;2.203533e+04;pcore
0;spotrf;24;1;1;1;0;128;121;32768;32768;846930886;0.000000e+00;2.929143e+01;4.004127e+02;nocuda
0;spotrf;23;1;1;1;0;1750;121;32768;32768;846930886;0.000000e+00;5.668144e-01;2.069224e+04;pcore
0;spotrf;23;1;1;1;0;1250;121;32768;32768;846930886;0.000000e+00;6.068982e-01;1.932558e+04;ecore
0;sgetrf_nopiv;23;1;1;1;0;1250;32768;32768;32768;846930886;0.000000e+00;0.000000e+00;9.687147e-01;2.421323e+04;pcore
0;sgetrf_nopiv;23;1;1;1;0;128;32768;32768;32768;846930886;0.000000e+00;0.000000e+00;8.394219e+01;2.794270e+02;ecore
0;sgetrf_nopiv;23;1;1;1;0;1750;32768;32768;32768;846930886;0.000000e+00;0.000000e+00;1.859082e+00;1.261682e+04;ecore
0;spotrf;23;1;1;1;0;320;121;32768;32768;846930886;0.000000e+00;2.498810e+00;4.693698e+03;ecore
0;sgetrf_nopiv;24;1;1;1;0;128;32768;32768;32768;846930886;0.000000e+00;0.000000e+00;4.829960e+01;4.856295e+02;nocuda
0;sgetrf_nopiv;23;1;1;1;0;400;32768;32768;32768;846930886;0.000000e+00;0.000000e+00;4.185353e+00;5.604237e+03;ecore
0;sgetrf_nopiv;23;1;1;1;0;1750;32768;32768;32768;846930886;0.000000e+00;0.000000e+00;1.064956e+00;2.202506e+04;pcore
0;spotrf;23;1;1;1;0;128;121;32768;32768;846930886;0.000000e+00;4.287822e+01;2.735342e+02;ecore
0;spotrf;24;1;1;1;0;2048;121;32768;32768;846930886;0.000000e+00;1.397766e+00;8.391007e+03;nocuda
0;spotrf;23;1;1;1;0;2048;121;32768;32768;846930886;0.000000e+00;1.216881e+00;9.638298e+03;ecore
0;sgetrf_nopiv;23;1;1;1;0;512;32768;32768;32768;846930886;0.000000e+00;0.000000e+00;2.266631e+00;1.034827e+04;ecore
0;spotrf;24;1;1;1;0;800;121;32768;32768;846930886;0.000000e+00;1.540567e+00;7.613211e+03;nocuda
0;spotrf;24;1;1;1;0;1250;121;32768;32768;846930886;0.000000e+00;1.052935e+00;1.113901e+04;nocuda
0;sgetrf_nopiv;23;1;1;1;0;1250;32768;32768;32768;846930886;0.000000e+00;0.000000e+00;1.253823e+00;1.870735e+04;ecore
0;sgetrf_nopiv;23;1;1;1;0;2048;32768;32768;32768;846930886;0.000000e+00;0.000000e+00;1.210274e+00;1.938050e+04;pcore
0;spotrf;23;1;1;1;0;400;121;32768;32768;846930886;0.000000e+00;2.350247e+00;4.990394e+03;ecore
0;spotrf;23;1;1;1;0;1250;121;32768;32768;846930886;0.000000e+00;5.435246e-01;2.157890e+04;pcore
0;spotrf;24;1;1;1;0;2048;121;32768;32768;846930886;0.000000e+00;1.158269e+00;1.012603e+04;nocuda
0;spotrf;23;1;1;1;0;800;121;32768;32768;846930886;0.000000e+00;6.983921e-01;1.679381e+04;ecore
0;spotrf;23;1;1;1;0;128;121;32768;32768;846930886;0.000000e+00;4.279924e+01;2.740390e+02;ecore
0;spotrf;23;1;1;1;0;1750;121;32768;32768;846930886;0.000000e+00;9.008769e-01;1.301916e+04;ecore
0;spotrf;23;1;1;1;0;1500;121;32768;32768;846930886;0.000000e+00;5.439931e-01;2.156031e+04;pcore
0;spotrf;24;1;1;1;0;800;121;32768;32768;846930886;0.000000e+00;1.545218e+00;7.590293e+03;nocuda
0;spotrf;23;1;1;1;0;400;121;32768;32768;846930886;0.000000e+00;2.333526e+00;5.026153e+03;pcore
0;spotrf;23;1;1;1;0;2048;121;32768;32768;846930886;0.000000e+00;6.556561e-01;1.788844e+04;pcore
0;spotrf;24;1;1;1;0;512;121;32768;32768;846930886;0.000000e+00;2.454942e+00;4.777572e+03;nocuda
0;spotrf;24;1;1;1;0;1024;121;32768;32768;846930886;0.000000e+00;1.046824e+00;1.120404e+04;nocuda
0;sgetrf_nopiv;23;1;1;1;0;400;32768;32768;32768;846930886;0.000000e+00;0.000000e+00;4.176380e+00;5.616278e+03;ecore
0;spotrf;24;1;1;1;0;320;121;32768;32768;846930886;0.000000e+00;6.107941e+00;1.920231e+03;nocuda
0;sgetrf_nopiv;23;1;1;1;0;600;32768;32768;32768;846930886;0.000000e+00;0.000000e+00;1.674411e+00;1.400834e+04;pcore
0;sgetrf_nopiv;24;1;1;1;0;400;32768;32768;32768;846930886;0.000000e+00;0.000000e+00;7.378994e+00;3.178714e+03;nocuda
0;sgetrf_nopiv;24;1;1;1;0;128;32768;32768;32768;846930886;0.000000e+00;0.000000e+00;4.777653e+01;4.909463e+02;nocuda
0;sgetrf_nopiv;24;1;1;1;0;320;32768;32768;32768;846930886;0.000000e+00;0.000000e+00;1.205563e+01;1.945623e+03;nocuda
0;spotrf;23;1;1;1;0;800;121;32768;32768;846930886;0.000000e+00;7.003453e-01;1.674697e+04;ecore
0;spotrf;23;1;1;1;0;512;121;32768;32768;846930886;0.000000e+00;1.171784e+00;1.000923e+04;ecore
0;sgetrf_nopiv;23;1;1;1;0;1500;32768;32768;32768;846930886;0.000000e+00;0.000000e+00;1.480456e+00;1.584357e+04;ecore
0;spotrf;23;1;1;1;0;1750;121;32768;32768;846930886;0.000000e+00;9.016348e-01;1.300822e+04;ecore
0;sgetrf_nopiv;23;1;1;1;0;320;32768;32768;32768;846930886;0.000000e+00;0.000000e+00;7.391423e+00;3.173369e+03;pcore
0;spotrf;23;1;1;1;0;320;121;32768;32768;846930886;0.000000e+00;4.528026e+00;2.590237e+03;ecore
0;spotrf;23;1;1;1;0;320;121;32768;32768;846930886;0.000000e+00;4.009892e+00;2.924932e+03;ecore
0;spotrf;24;1;1;1;0;128;121;32768;32768;846930886;0.000000e+00;2.987566e+01;3.925825e+02;nocuda
0;sgetrf_nopiv;23;1;1;1;0;1250;32768;32768;32768;846930886;0.000000e+00;0.000000e+00;1.209892e+00;1.938661e+04;ecore
0;spotrf;24;1;1;1;0;1750;121;32768;32768;846930886;0.000000e+00;1.170023e+00;1.002430e+04;nocuda
0;sgetrf_nopiv;23;1;1;1;0;1500;32768;32768;32768;846930886;0.000000e+00;0.000000e+00;9.776020e-01;2.399311e+04;pcore
0;sgetrf_nopiv;24;1;1;1;0;1024;32768;32768;32768;846930886;0.000000e+00;0.000000e+00;1.898238e+00;1.235657e+04;nocuda
0;sgetrf_nopiv;23;1;1;1;0;256;32768;32768;32768;846930886;0.000000e+00;0.000000e+00;1.595875e+01;1.469771e+03;pcore
0;sgetrf_nopiv;24;1;1;1;0;320;32768;32768;32768;846930886;0.000000e+00;0.000000e+00;1.205511e+01;1.945706e+03;nocuda
0;spotrf;23;1;1;1;0;1500;121;32768;32768;846930886;0.000000e+00;6.835380e-01;1.715875e+04;ecore
0;sgetrf_nopiv;24;1;1;1;0;400;32768;32768;32768;846930886;0.000000e+00;0.000000e+00;7.502224e+00;3.126501e+03;nocuda
0;sgetrf_nopiv;23;1;1;1;0;1750;32768;32768;32768;846930886;0.000000e+00;0.000000e+00;1.063966e+00;2.204554e+04;pcore
0;spotrf;24;1;1;1;0;256;121;32768;32768;846930886;0.000000e+00;8.682131e+00;1.350897e+03;nocuda
0;sgetrf_nopiv;24;1;1;1;0;256;32768;32768;32768;846930886;0.000000e+00;0.000000e+00;1.942165e+01;1.207709e+03;nocuda
0;spotrf;23;1;1;1;0;1024;121;32768;32768;846930886;0.000000e+00;5.199025e-01;2.255935e+04;ecore
0;spotrf;23;1;1;1;0;256;121;32768;32768;846930886;0.000000e+00;4.871028e+00;2.407841e+03;pcore
0;sgetrf_nopiv;23;1;1;1;0;2048;32768;32768;32768;846930886;0.000000e+00;0.000000e+00;1.211622e+00;1.935893e+04;pcore
0;spotrf;23;1;1;1;0;1750;121;32768;32768;846930886;0.000000e+00;9.009339e-01;1.301834e+04;ecore
0;sgetrf_nopiv;23;1;1;1;0;400;32768;32768;32768;846930886;0.000000e+00;0.000000e+00;4.188097e+00;5.600566e+03;ecore
0;sgetrf_nopiv;23;1;1;1;0;800;32768;32768;32768;846930886;0.000000e+00;0.000000e+00;1.232882e+00;1.902510e+04;ecore
0;sgetrf_nopiv;24;1;1;1;0;1250;32768;32768;32768;846930886;0.000000e+00;0.000000e+00;1.935991e+00;1.211561e+04;nocuda
0;sgetrf_nopiv;23;1;1;1;0;256;32768;32768;32768;846930886;0.000000e+00;0.000000e+00;1.568855e+01;1.495085e+03;pcore
0;spotrf;23;1;1;1;0;1024;121;32768;32768;846930886;0.000000e+00;5.205754e-01;2.253018e+04;ecore
0;sgetrf_nopiv;24;1;1;1;0;128;32768;32768;32768;846930886;0.000000e+00;0.000000e+00;4.770841e+01;4.916473e+02;nocuda
0;spotrf;23;1;1;1;0;1024;121;32768;32768;846930886;0.000000e+00;4.793601e-01;2.446733e+04;pcore
0;sgetrf_nopiv;23;1;1;1;0;1750;32768;32768;32768;846930886;0.000000e+00;0.000000e+00;1.857786e+00;1.262563e+04;ecore
0;spotrf;23;1;1;1;0;2048;121;32768;32768;846930886;0.000000e+00;1.216847e+00;9.638568e+03;ecore
0;spotrf;23;1;1;1;0;600;121;32768;32768;846930886;0.000000e+00;8.393885e-01;1.397286e+04;pcore
0;sgetrf_nopiv;24;1;1;1;0;320;32768;32768;32768;846930886;0.000000e+00;0.000000e+00;1.203949e+01;1.948232e+03;nocuda
0;spotrf;23;1;1;1;0;128;121;32768;32768;846930886;0.000000e+00;4.395776e+01;2.668166e+02;pcore
0;spotrf;23;1;1;1;0;256;121;32768;32768;846930886;0.000000e+00;4.379538e+00;2.678059e+03;ecore
0;spotrf;23;1;1;1;0;1250;121;32768;32768;846930886;0.000000e+00;6.070168e-01;1.932180e+04;ecore
0;sgetrf_nopiv;23;1;1;1;0;2048;32768;32768;32768;846930886;0.000000e+00;0.000000e+00;2.363718e+00;9.923226e+03;ecore
0;sgetrf_nopiv;23;1;1;1;0;256;32768;32768;32768;846930886;0.000000e+00;0.000000e+00;1.598959e+01;1.466937e+03;pcore
0;sgetrf_nopiv;23;1;1;1;0;128;32768;32768;32768;846930886;0.000000e+00;0.000000e+00;8.340139e+01;2.812388e+02;pcore
0;sgetrf_nopiv;23;1;1;1;0;128;32768;32768;32768;846930886;0.000000e+00;0.000000e+00;8.313050e+01;2.821553e+02;pcore
0;spotrf;23;1;1;1;0;600;121;32768;32768;846930886;0.000000e+00;8.470222e-01;1.384693e+04;ecore
0;spotrf;23;1;1;1;0;256;121;32768;32768;846930886;0.000000e+00;4.870952e+00;2.407879e+03;ecore
0;sgetrf_nopiv;23;1;1;1;0;800;32768;32768;32768;846930886;0.000000e+00;0.000000e+00;1.232229e+00;1.903519e+04;ecore
0;sgetrf_nopiv;24;1;1;1;0;600;32768;32768;32768;846930886;0.000000e+00;0.000000e+00;3.379478e+00;6.940632e+03;nocuda
0;spotrf;23;1;1;1;0;2048;121;32768;32768;846930886;0.000000e+00;1.216191e+00;9.643765e+03;ecore
0;sgetrf_nopiv;23;1;1;1;0;1750;32768;32768;32768;846930886;0.000000e+00;0.000000e+00;1.066195e+00;2.199946e+04;pcore
0;spotrf;23;1;1;1;0;256;121;32768;32768;846930886;0.000000e+00;4.608039e+00;2.545261e+03;pcore
0;spotrf;24;1;1;1;0;2048;121;32768;32768;846930886;0.000000e+00;1.406489e+00;8.338963e+03;nocuda
0;sgetrf_nopiv;23;1;1;1;0;320;32768;32768;32768;846930886;0.000000e+00;0.000000e+00;7.464879e+00;3.142142e+03;ecore
0;sgetrf_nopiv;23;1;1;1;0;1500;32768;32768;32768;846930886;0.000000e+00;0.000000e+00;9.803696e-01;2.392538e+04;pcore
0;spotrf;23;1;1;1;0;320;121;32768;32768;846930886;0.000000e+00;4.435596e+00;2.644213e+03;pcore
0;sgetrf_nopiv;24;1;1;1;0;1500;32768;32768;32768;846930886;0.000000e+00;0.000000e+00;1.982059e+00;1.183401e+04;nocuda
0;sgetrf_nopiv;23;1;1;1;0;256;32768;32768;32768;846930886;0.000000e+00;0.000000e+00;1.612441e+01;1.454671e+03;pcore
0;spotrf;23;1;1;1;0;320;121;32768;32768;846930886;0.000000e+00;4.411132e+00;2.658878e+03;pcore
0;spotrf;24;1;1;1;0;512;121;32768;32768;846930886;0.000000e+00;2.558170e+00;4.584785e+03;nocuda
0;sgetrf_nopiv;24;1;1;1;0;800;32768;32768;32768;846930886;0.000000e+00;0.000000e+00;2.601987e+00;9.014539e+03;nocuda
0;spotrf;23;1;1;1;0;1250;121;32768;32768;846930886;0.000000e+00;5.430777e-01;2.159665e+04;pcore
0;sgetrf_nopiv;23;1;1;1;0;600;32768;32768;32768;846930886;0.000000e+00;0.000000e+00;1.682389e+00;1.394191e+04;ecore
0;sgetrf_nopiv;23;1;1;1;0;1024;32768;32768;32768;846930886;0.000000e+00;0.000000e+00;8.930893e-01;2.626357e+04;pcore
0;sgetrf_nopiv;23;1;1;1;0;2048;32768;32768;32768;846930886;0.000000e+00;0.000000e+00;2.363316e+00;9.924916e+03;ecore
0;spotrf;23;1;1;1;0;256;121;32768;32768;846930886;0.000000e+00;4.548892e+00;2.578356e+03;ecore
0;sgetrf_nopiv;23;1;1;1;0;600;32768;32768;32768;846930886;0.000000e+00;0.000000e+00;1.666513e+00;1.407473e+04;pcore
0;spotrf;23;1;1;1;0;600;121;32768;32768;846930886;0.000000e+00;8.408269e-01;1.394896e+04;pcore
0;sgetrf_nopiv;23;1;1;1;0;320;32768;32768;32768;846930886;0.000000e+00;0.000000e+00;7.395825e+00;3.171480e+03;ecore
0;sgetrf_nopiv;24;1;1;1;0;128;32768;32768;32768;846930886;0.000000e+00;0.000000e+00;4.873008e+01;4.813394e+02;nocuda
0;sgetrf_nopiv;24;1;1;1;0;1750;32768;32768;32768;846930886;0.000000e+00;0.000000e+00;2.100725e+00;1.116553e+04;nocuda
0;spotrf;24;1;1;1;0;1750;121;32768;32768;846930886;0.000000e+00;1.162213e+00;1.009166e+04;nocuda
0;sgetrf_nopiv;23;1;1;1;0;2048;32768;32768;32768;846930886;0.000000e+00;0.000000e+00;2.363106e+00;9.925796e+03;ecore
0;sgetrf_nopiv;24;1;1;1;0;512;32768;32768;32768;846930886;0.000000e+00;0.000000e+00;4.536810e+00;5.170089e+03;nocuda
0;sgetrf_nopiv;24;1;1;1;0;512;32768;32768;32768;846930886;0.000000e+00;0.000000e+00;4.477143e+00;5.238991e+03;nocuda
0;sgetrf_nopiv;23;1;1;1;0;600;32768;32768;32768;846930886;0.000000e+00;0.000000e+00;1.684246e+00;1.392653e+04;ecore
0;sgetrf_nopiv;23;1;1;1;0;600;32768;32768;32768;846930886;0.000000e+00;0.000000e+00;1.695996e+00;1.383005e+04;ecore
0;spotrf;23;1;1;1;0;512;121;32768;32768;846930886;0.000000e+00;1.168208e+00;1.003988e+04;pcore
0;sgetrf_nopiv;23;1;1;1;0;400;32768;32768;32768;846930886;0.000000e+00;0.000000e+00;4.346182e+00;5.396855e+03;pcore
0;spotrf;24;1;1;1;0;512;121;32768;32768;846930886;0.000000e+00;2.470566e+00;4.747358e+03;nocuda
0;spotrf;23;1;1;1;0;400;121;32768;32768;846930886;0.000000e+00;2.340162e+00;5.011900e+03;pcore
0;spotrf;24;1;1;1;0;1500;121;32768;32768;846930886;0.000000e+00;1.176239e+00;9.971322e+03;nocuda
0;spotrf;23;1;1;1;0;1500;121;32768;32768;846930886;0.000000e+00;6.835623e-01;1.715815e+04;ecore
0;spotrf;23;1;1;1;0;400;121;32768;32768;846930886;0.000000e+00;2.343019e+00;5.005791e+03;ecore
0;sgetrf_nopiv;24;1;1;1;0;800;32768;32768;32768;846930886;0.000000e+00;0.000000e+00;2.605770e+00;9.001452e+03;nocuda
0;sgetrf_nopiv;24;1;1;1;0;2048;32768;32768;32768;846930886;0.000000e+00;0.000000e+00;2.419954e+00;9.692626e+03;nocuda
0;sgetrf_nopiv;24;1;1;1;0;1024;32768;32768;32768;846930886;0.000000e+00;0.000000e+00;1.865293e+00;1.257481e+04;nocuda
0;sgetrf_nopiv;24;1;1;1;0;512;32768;32768;32768;846930886;0.000000e+00;0.000000e+00;4.549005e+00;5.156229e+03;nocuda
0;spotrf;24;1;1;1;0;512;121;32768;32768;846930886;0.000000e+00;2.548981e+00;4.601314e+03;nocuda
0;spotrf;24;1;1;1;0;256;121;32768;32768;846930886;0.000000e+00;8.541121e+00;1.373199e+03;nocuda
0;sgetrf_nopiv;23;1;1;1;0;512;32768;32768;32768;846930886;0.000000e+00;0.000000e+00;2.258097e+00;1.038738e+04;ecore
0;spotrf;24;1;1;1;0;1750;121;32768;32768;846930886;0.000000e+00;1.186716e+00;9.883293e+03;nocuda
0;sgetrf_nopiv;23;1;1;1;0;1250;32768;32768;32768;846930886;0.000000e+00;0.000000e+00;9.976486e-01;2.351099e+04;pcore
0;spotrf;23;1;1;1;0;1750;121;32768;32768;846930886;0.000000e+00;5.671715e-01;2.067921e+04;pcore
0;sgetrf_nopiv;23;1;1;1;0;128;32768;32768;32768;846930886;0.000000e+00;0.000000e+00;8.951281e+01;2.620375e+02;pcore
0;sgetrf_nopiv;24;1;1;1;0;256;32768;32768;32768;846930886;0.000000e+00;0.000000e+00;1.985861e+01;1.181135e+03;nocuda
0;spotrf;23;1;1;1;0;600;121;32768;32768;846930886;0.000000e+00;8.512197e-01;1.377865e+04;ecore
0;spotrf;23;1;1;1;0;1500;121;32768;32768;846930886;0.000000e+00;6.841869e-01;1.714248e+04;ecore
0;sgetrf_nopiv;23;1;1;1;0;1500;32768;32768;32768;846930886;0.000000e+00;0.000000e+00;9.783484e-01;2.397480e+04;pcore
0;spotrf;23;1;1;1;0;800;121;32768;32768;846930886;0.000000e+00;7.035995e-01;1.666951e+04;ecore
0;sgetrf_nopiv;24;1;1;1;0;512;32768;32768;32768;846930886;0.000000e+00;0.000000e+00;4.580015e+00;5.121318e+03;nocuda
0;sgetrf_nopiv;24;1;1;1;0;800;32768;32768;32768;846930886;0.000000e+00;0.000000e+00;2.578790e+00;9.095626e+03;nocuda
0;sgetrf_nopiv;23;1;1;1;0;2048;32768;32768;32768;846930886;0.000000e+00;0.000000e+00;1.209933e+00;1.938596e+04;pcore
0;spotrf;24;1;1;1;0;1500;121;32768;32768;846930886;0.000000e+00;1.153653e+00;1.016654e+04;nocuda
0;spotrf;23;1;1;1;0;1250;121;32768;32768;846930886;0.000000e+00;6.074195e-01;1.930900e+04;ecore
0;spotrf;24;1;1;1;0;256;121;32768;32768;846930886;0.000000e+00;8.673485e+00;1.352243e+03;nocuda
0;spotrf;24;1;1;1;0;400;121;32768;32768;846930886;0.000000e+00;4.126237e+00;2.842459e+03;nocuda
0;sgetrf_nopiv;23;1;1;1;0;512;32768;32768;32768;846930886;0.000000e+00;0.000000e+00;2.263156e+00;1.036416e+04;ecore
0;sgetrf_nopiv;23;1;1;1;0;256;32768;32768;32768;846930886;0.000000e+00;0.000000e+00;1.581293e+01;1.483325e+03;ecore
0;spotrf;24;1;1;1;0;1024;121;32768;32768;846930886;0.000000e+00;1.076127e+00;1.089896e+04;nocuda
0;spotrf;23;1;1;1;0;1500;121;32768;32768;846930886;0.000000e+00;6.839308e-01;1.714890e+04;ecore
0;spotrf;23;1;1;1;0;1500;121;32768;32768;846930886;0.000000e+00;5.449296e-01;2.152326e+04;pcore
0;sgetrf_nopiv;23;1;1;1;0;1024;32768;32768;32768;846930886;0.000000e+00;0.000000e+00;1.035283e+00;2.265632e+04;ecore
0;sgetrf_nopiv;23;1;1;1;0;1750;32768;32768;32768;846930886;0.000000e+00;0.000000e+00;1.859133e+00;1.261648e+04;ecore
0;sgetrf_nopiv;23;1;1;1;0;512;32768;32768;32768;846930886;0.000000e+00;0.000000e+00;2.320898e+00;1.010631e+04;pcore
0;sgetrf_nopiv;23;1;1;1;0;800;32768;32768;32768;846930886;0.000000e+00;0.000000e+00;1.236221e+00;1.897371e+04;ecore
0;spotrf;23;1;1;1;0;1250;121;32768;32768;846930886;0.000000e+00;6.074627e-01;1.930762e+04;ecore
0;spotrf;23;1;1;1;0;128;121;32768;32768;846930886;0.000000e+00;4.269426e+01;2.747128e+02;pcore
0;spotrf;23;1;1;1;0;800;121;32768;32768;846930886;0.000000e+00;6.845710e-01;1.713286e+04;pcore
0;spotrf;23;1;1;1;0;600;121;32768;32768;846930886;0.000000e+00;8.398934e-01;1.396446e+04;pcore
0;spotrf;24;1;1;1;0;1024;121;32768;32768;846930886;0.000000e+00;1.110367e+00;1.056287e+04;nocuda
0;spotrf;24;1;1;1;0;1250;121;32768;32768;846930886;0.000000e+00;1.133362e+00;1.034856e+04;nocuda
0;sgetrf_nopiv;24;1;1;1;0;1750;32768;32768;32768;846930886;0.000000e+00;0.000000e+00;2.135930e+00;1.098150e+04;nocuda
0;sgetrf_nopiv;23;1;1;1;0;600;32768;32768;32768;846930886;0.000000e+00;0.000000e+00;1.669796e+00;1.404705e+04;pcore
0;sgetrf_nopiv;24;1;1;1;0;320;32768;32768;32768;846930886;0.000000e+00;0.000000e+00;1.219123e+01;1.923982e+03;nocuda
0;sgetrf_nopiv;24;1;1;1;0;512;32768;32768;32768;846930886;0.000000e+00;0.000000e+00;4.541404e+00;5.164859e+03;nocuda
0;sgetrf_nopiv;23;1;1;1;0;1024;32768;32768;32768;846930886;0.000000e+00;0.000000e+00;8.943921e-01;2.622531e+04;pcore
0;spotrf;24;1;1;1;0;600;121;32768;32768;846930886;0.000000e+00;1.822875e+00;6.434157e+03;nocuda
0;spotrf;24;1;1;1;0;1024;121;32768;32768;846930886;0.000000e+00;1.168617e+00;1.003636e+04;nocuda
0;spotrf;23;1;1;1;0;1750;121;32768;32768;846930886;0.000000e+00;5.669337e-01;2.068789e+04;pcore
0;sgetrf_nopiv;23;1;1;1;0;512;32768;32768;32768;846930886;0.000000e+00;0.000000e+00;2.271538e+00;1.032592e+04;pcore
0;sgetrf_nopiv;24;1;1;1;0;1024;32768;32768;32768;846930886;0.000000e+00;0.000000e+00;1.915857e+00;1.224293e+04;nocuda
0;spotrf;23;1;1;1;0;128;121;32768;32768;846930886;0.000000e+00;4.296964e+01;2.729523e+02;pcore
0;spotrf;23;1;1;1;0;512;121;32768;32768;846930886;0.000000e+00;1.168377e+00;1.003842e+04;pcore
0;spotrf;23;1;1;1;0;800;121;32768;32768;846930886;0.000000e+00;7.020375e-01;1.670660e+04;ecore
0;sgetrf_nopiv;24;1;1;1;0;1250;32768;32768;32768;846930886;0.000000e+00;0.000000e+00;1.951664e+00;1.201831e+04;nocuda
0;sgetrf_nopiv;23;1;1;1;0;1024;32768;32768;32768;846930886;0.000000e+00;0.000000e+00;1.034189e+00;2.268029e+04;ecore
0;spotrf;24;1;1;1;0;600;121;32768;32768;846930886;0.000000e+00;2.044748e+00;5.735992e+03;nocuda
0;sgetrf_nopiv;24;1;1;1;0;600;32768;32768;32768;846930886;0.000000e+00;0.000000e+00;3.434492e+00;6.829456e+03;nocuda
0;sgetrf_nopiv;23;1;1;1;0;600;32768;32768;32768;846930886;0.000000e+00;0.000000e+00;1.670107e+00;1.404444e+04;pcore
0;spotrf;23;1;1;1;0;1500;121;32768;32768;846930886;0.000000e+00;5.440514e-01;2.155800e+04;pcore
0;sgetrf_nopiv;23;1;1;1;0;320;32768;32768;32768;846930886;0.000000e+00;0.000000e+00;7.415614e+00;3.163017e+03;pcore
0;spotrf;23;1;1;1;0;256;121;32768;32768;846930886;0.000000e+00;4.590703e+00;2.554873e+03;ecore
0;spotrf;24;1;1;1;0;320;121;32768;32768;846930886;0.000000e+00;6.190716e+00;1.894557e+03;nocuda
0;spotrf;23;1;1;1;0;1250;121;32768;32768;846930886;0.000000e+00;5.429153e-01;2.160311e+04;pcore
0;spotrf;24;1;1;1;0;1500;121;32768;32768;846930886;0.000000e+00;1.131430e+00;1.036623e+04;nocuda
0;spotrf;23;1;1;1;0;2048;121;32768;32768;846930886;0.000000e+00;6.558204e-01;1.788395e+04;pcore
0;sgetrf_nopiv;23;1;1;1;0;1750;32768;32768;32768;846930886;0.000000e+00;0.000000e+00;1.859342e+00;1.261506e+04;ecore
0;spotrf;23;1;1;1;0;400;121;32768;32768;846930886;0.000000e+00;2.345641e+00;5.000194e+03;ecore
0;sgetrf_nopiv;23;1;1;1;0;512;32768;32768;32768;846930886;0.000000e+00;0.000000e+00;2.263129e+00;1.036428e+04;ecore
0;spotrf;23;1;1;1;0;320;121;32768;32768;846930886;0.000000e+00;3.880171e+00;3.022717e+03;pcore
0;spotrf;23;1;1;1;0;1024;121;32768;32768;846930886;0.000000e+00;5.203434e-01;2.254023e+04;ecore
0;sgetrf_nopiv;23;1;1;1;0;1024;32768;32768;32768;846930886;0.000000e+00;0.000000e+00;1.043654e+00;2.247461e+04;ecore
0;spotrf;23;1;1;1;0;400;121;32768;32768;846930886;0.000000e+00;2.334158e+00;5.024793e+03;pcore
0;sgetrf_nopiv;23;1;1;1;0;256;32768;32768;32768;846930886;0.000000e+00;0.000000e+00;1.620469e+01;1.447464e+03;pcore
0;sgetrf_nopiv;23;1;1;1;0;512;32768;32768;32768;846930886;0.000000e+00;0.000000e+00;2.338174e+00;1.003164e+04;pcore
0;sgetrf_nopiv;23;1;1;1;0;800;32768;32768;32768;846930886;0.000000e+00;0.000000e+00;1.197407e+00;1.958875e+04;pcore
0;sgetrf_nopiv;23;1;1;1;0;1500;32768;32768;32768;846930886;0.000000e+00;0.000000e+00;9.777127e-01;2.399039e+04;pcore
0;sgetrf_nopiv;23;1;1;1;0;800;32768;32768;32768;846930886;0.000000e+00;0.000000e+00;1.201581e+00;1.952070e+04;pcore
0;spotrf;24;1;1;1;0;800;121;32768;32768;846930886;0.000000e+00;1.611195e+00;7.279479e+03;nocuda
0;sgetrf_nopiv;23;1;1;1;0;1250;32768;32768;32768;846930886;0.000000e+00;0.000000e+00;1.245078e+00;1.883875e+04;ecore
0;spotrf;23;1;1;1;0;256;121;32768;32768;846930886;0.000000e+00;4.336512e+00;2.704630e+03;pcore
0;sgetrf_nopiv;24;1;1;1;0;800;32768;32768;32768;846930886;0.000000e+00;0.000000e+00;2.576510e+00;9.103674e+03;nocuda
0;sgetrf_nopiv;23;1;1;1;0;128;32768;32768;32768;846930886;0.000000e+00;0.000000e+00;8.243945e+01;2.845205e+02;ecore
0;spotrf;24;1;1;1;0;128;121;32768;32768;846930886;0.000000e+00;3.035365e+01;3.864004e+02;nocuda
0;sgetrf_nopiv;23;1;1;1;0;320;32768;32768;32768;846930886;0.000000e+00;0.000000e+00;7.423281e+00;3.159750e+03;pcore
0;sgetrf_nopiv;23;1;1;1;0;2048;32768;32768;32768;846930886;0.000000e+00;0.000000e+00;1.210842e+00;1.937141e+04;pcore
0;sgetrf_nopiv;23;1;1;1;0;128;32768;32768;32768;846930886;0.000000e+00;0.000000e+00;8.369005e+01;2.802688e+02;ecore
0;sgetrf_nopiv;23;1;1;1;0;800;32768;32768;32768;846930886;0.000000e+00;0.000000e+00;1.233107e+00;1.902163e+04;ecore
0;spotrf;23;1;1;1;0;512;121;32768;32768;846930886;0.000000e+00;1.183726e+00;9.908256e+03;ecore
0;spotrf;23;1;1;1;0;256;121;32768;32768;846930886;0.000000e+00;4.413197e+00;2.657634e+03;pcore
0;spotrf;23;1;1;1;0;320;121;32768;32768;846930886;0.000000e+00;4.071950e+00;2.880355e+03;pcore
0;spotrf;23;1;1;1;0;1750;121;32768;32768;846930886;0.000000e+00;5.664497e-01;2.070556e+04;pcore
0;sgetrf_nopiv;24;1;1;1;0;1250;32768;32768;32768;846930886;0.000000e+00;0.000000e+00;1.864525e+00;1.257999e+04;nocuda
