Id,Function,threads,gpus,P,Q,mtxfmt,nb,transA,transB,m,n,k,lda,ldb,ldc,alpha,beta,seedA,seedB,seedC,tsub,time,gflops,setup,core
0,dgemm,1,0,1,1,0,912,111,111,9120,9120,9120,9120,9120,9120,4.892778e-01,-1.846424e-01,1649760492,596516649,1189641421,0.000000e+00,9.029703e+01,1.680123e+01,single,23
0,dgemm,1,0,1,1,0,912,111,111,9120,9120,9120,9120,9120,9120,4.892778e-01,-1.846424e-01,1649760492,596516649,1189641421,0.000000e+00,3.176588e+01,4.775882e+01,single,10
0,dgemm,1,0,1,1,0,912,111,111,9120,9120,9120,9120,9120,9120,4.892778e-01,-1.846424e-01,1649760492,596516649,1189641421,0.000000e+00,9.036938e+01,1.678778e+01,single,20
0,dgemm,1,0,1,1,0,912,111,111,9120,9120,9120,9120,9120,9120,4.892778e-01,-1.846424e-01,1649760492,596516649,1189641421,0.000000e+00,3.192498e+01,4.752081e+01,single,2
0,dgemm,1,0,1,1,0,912,111,111,9120,9120,9120,9120,9120,9120,4.892778e-01,-1.846424e-01,1649760492,596516649,1189641421,0.000000e+00,9.046760e+01,1.676955e+01,single,29
0,dgemm,1,0,1,1,0,912,111,111,9120,9120,9120,9120,9120,9120,4.892778e-01,-1.846424e-01,1649760492,596516649,1189641421,0.000000e+00,9.023026e+01,1.681366e+01,single,22
0,dgemm,1,0,1,1,0,912,111,111,9120,9120,9120,9120,9120,9120,4.892778e-01,-1.846424e-01,1649760492,596516649,1189641421,0.000000e+00,3.176714e+01,4.775694e+01,single,8
0,dgemm,1,0,1,1,0,912,111,111,9120,9120,9120,9120,9120,9120,4.892778e-01,-1.846424e-01,1649760492,596516649,1189641421,0.000000e+00,9.033445e+01,1.679427e+01,single,30
0,dgemm,1,0,1,1,0,912,111,111,9120,9120,9120,9120,9120,9120,4.892778e-01,-1.846424e-01,1649760492,596516649,1189641421,0.000000e+00,9.031671e+01,1.679757e+01,single,27
0,dgemm,1,0,1,1,0,912,111,111,9120,9120,9120,9120,9120,9120,4.892778e-01,-1.846424e-01,1649760492,596516649,1189641421,0.000000e+00,9.010362e+01,1.683729e+01,single,21
0,dgemm,1,0,1,1,0,912,111,111,9120,9120,9120,9120,9120,9120,4.892778e-01,-1.846424e-01,1649760492,596516649,1189641421,0.000000e+00,3.180996e+01,4.769265e+01,single,10
0,dgemm,1,0,1,1,0,912,111,111,9120,9120,9120,9120,9120,9120,4.892778e-01,-1.846424e-01,1649760492,596516649,1189641421,0.000000e+00,9.014798e+01,1.682901e+01,single,20
0,dgemm,1,0,1,1,0,912,111,111,9120,9120,9120,9120,9120,9120,4.892778e-01,-1.846424e-01,1649760492,596516649,1189641421,0.000000e+00,3.174510e+01,4.779008e+01,single,0
0,dgemm,1,0,1,1,0,912,111,111,9120,9120,9120,9120,9120,9120,4.892778e-01,-1.846424e-01,1649760492,596516649,1189641421,0.000000e+00,9.030359e+01,1.680001e+01,single,24
0,dgemm,1,0,1,1,0,912,111,111,9120,9120,9120,9120,9120,9120,4.892778e-01,-1.846424e-01,1649760492,596516649,1189641421,0.000000e+00,9.028403e+01,1.680365e+01,single,24
0,dgemm,1,0,1,1,0,912,111,111,9120,9120,9120,9120,9120,9120,4.892778e-01,-1.846424e-01,1649760492,596516649,1189641421,0.000000e+00,3.188938e+01,4.757386e+01,single,4
0,dgemm,1,0,1,1,0,912,111,111,9120,9120,9120,9120,9120,9120,4.892778e-01,-1.846424e-01,1649760492,596516649,1189641421,0.000000e+00,3.190761e+01,4.754668e+01,single,2
0,dgemm,1,0,1,1,0,912,111,111,9120,9120,9120,9120,9120,9120,4.892778e-01,-1.846424e-01,1649760492,596516649,1189641421,0.000000e+00,9.024605e+01,1.681072e+01,single,24
0,dgemm,24,0,1,1,0,912,111,111,9120,9120,9120,9120,9120,9120,4.892778e-01,-1.846424e-01,1649760492,596516649,1189641421,0.000000e+00,2.495065e+00,6.080408e+02,all,-1
0,dgemm,1,0,1,1,0,912,111,111,9120,9120,9120,9120,9120,9120,4.892778e-01,-1.846424e-01,1649760492,596516649,1189641421,0.000000e+00,9.026591e+01,1.680702e+01,single,29
0,dgemm,1,0,1,1,0,912,111,111,9120,9120,9120,9120,9120,9120,4.892778e-01,-1.846424e-01,1649760492,596516649,1189641421,0.000000e+00,9.023182e+01,1.681337e+01,single,27
0,dgemm,1,0,1,1,0,912,111,111,9120,9120,9120,9120,9120,9120,4.892778e-01,-1.846424e-01,1649760492,596516649,1189641421,0.000000e+00,9.021251e+01,1.681697e+01,single,23
0,dgemm,8,0,1,1,0,912,111,111,9120,9120,9120,9120,9120,9120,4.892778e-01,-1.846424e-01,1649760492,596516649,1189641421,0.000000e+00,4.062019e+00,3.734845e+02,pcores,-1
0,dgemm,1,0,1,1,0,912,111,111,9120,9120,9120,9120,9120,9120,4.892778e-01,-1.846424e-01,1649760492,596516649,1189641421,0.000000e+00,3.188699e+01,4.757743e+01,single,4
0,dgemm,1,0,1,1,0,912,111,111,9120,9120,9120,9120,9120,9120,4.892778e-01,-1.846424e-01,1649760492,596516649,1189641421,0.000000e+00,3.172327e+01,4.782297e+01,single,8
0,dgemm,1,0,1,1,0,912,111,111,9120,9120,9120,9120,9120,9120,4.892778e-01,-1.846424e-01,1649760492,596516649,1189641421,0.000000e+00,9.016913e+01,1.682506e+01,single,18
0,dgemm,16,0,1,1,0,912,111,111,9120,9120,9120,9120,9120,9120,4.892778e-01,-1.846424e-01,1649760492,596516649,1189641421,0.000000e+00,4.523319e+00,3.353955e+02,ecores,-1
0,dgemm,1,0,1,1,0,912,111,111,9120,9120,9120,9120,9120,9120,4.892778e-01,-1.846424e-01,1649760492,596516649,1189641421,0.000000e+00,9.026786e+01,1.680666e+01,single,25
0,dgemm,1,0,1,1,0,912,111,111,9120,9120,9120,9120,9120,9120,4.892778e-01,-1.846424e-01,1649760492,596516649,1189641421,0.000000e+00,3.177431e+01,4.774616e+01,single,15
0,dgemm,1,0,1,1,0,912,111,111,9120,9120,9120,9120,9120,9120,4.892778e-01,-1.846424e-01,1649760492,596516649,1189641421,0.000000e+00,9.012573e+01,1.683316e+01,single,23
0,dgemm,1,0,1,1,0,912,111,111,9120,9120,9120,9120,9120,9120,4.892778e-01,-1.846424e-01,1649760492,596516649,1189641421,0.000000e+00,3.176975e+01,4.775300e+01,single,10
0,dgemm,8,0,1,1,0,912,111,111,9120,9120,9120,9120,9120,9120,4.892778e-01,-1.846424e-01,1649760492,596516649,1189641421,0.000000e+00,4.060012e+00,3.736691e+02,pcores,-1
0,dgemm,1,0,1,1,0,912,111,111,9120,9120,9120,9120,9120,9120,4.892778e-01,-1.846424e-01,1649760492,596516649,1189641421,0.000000e+00,9.033008e+01,1.679508e+01,single,28
0,dgemm,1,0,1,1,0,912,111,111,9120,9120,9120,9120,9120,9120,4.892778e-01,-1.846424e-01,1649760492,596516649,1189641421,0.000000e+00,9.018330e+01,1.682242e+01,single,17
0,dgemm,24,0,1,1,0,912,111,111,9120,9120,9120,9120,9120,9120,4.892778e-01,-1.846424e-01,1649760492,596516649,1189641421,0.000000e+00,2.514851e+00,6.032568e+02,all,-1
0,dgemm,16,0,1,1,0,912,111,111,9120,9120,9120,9120,9120,9120,4.892778e-01,-1.846424e-01,1649760492,596516649,1189641421,0.000000e+00,4.521945e+00,3.354974e+02,ecores,-1
0,dgemm,1,0,1,1,0,912,111,111,9120,9120,9120,9120,9120,9120,4.892778e-01,-1.846424e-01,1649760492,596516649,1189641421,0.000000e+00,9.024327e+01,1.681124e+01,single,25
0,dgemm,1,0,1,1,0,912,111,111,9120,9120,9120,9120,9120,9120,4.892778e-01,-1.846424e-01,1649760492,596516649,1189641421,0.000000e+00,9.024730e+01,1.681049e+01,single,19
0,dgemm,1,0,1,1,0,912,111,111,9120,9120,9120,9120,9120,9120,4.892778e-01,-1.846424e-01,1649760492,596516649,1189641421,0.000000e+00,9.024315e+01,1.681126e+01,single,18
0,dgemm,1,0,1,1,0,912,111,111,9120,9120,9120,9120,9120,9120,4.892778e-01,-1.846424e-01,1649760492,596516649,1189641421,0.000000e+00,9.034415e+01,1.679247e+01,single,28
0,dgemm,1,0,1,1,0,912,111,111,9120,9120,9120,9120,9120,9120,4.892778e-01,-1.846424e-01,1649760492,596516649,1189641421,0.000000e+00,3.188969e+01,4.757340e+01,single,10
0,dgemm,1,0,1,1,0,912,111,111,9120,9120,9120,9120,9120,9120,4.892778e-01,-1.846424e-01,1649760492,596516649,1189641421,0.000000e+00,9.019631e+01,1.681999e+01,single,29
0,dgemm,1,0,1,1,0,912,111,111,9120,9120,9120,9120,9120,9120,4.892778e-01,-1.846424e-01,1649760492,596516649,1189641421,0.000000e+00,3.189037e+01,4.757239e+01,single,12
0,dgemm,1,0,1,1,0,912,111,111,9120,9120,9120,9120,9120,9120,4.892778e-01,-1.846424e-01,1649760492,596516649,1189641421,0.000000e+00,9.009567e+01,1.683878e+01,single,20
0,dgemm,1,0,1,1,0,912,111,111,9120,9120,9120,9120,9120,9120,4.892778e-01,-1.846424e-01,1649760492,596516649,1189641421,0.000000e+00,3.190579e+01,4.754940e+01,single,2
0,dgemm,1,0,1,1,0,912,111,111,9120,9120,9120,9120,9120,9120,4.892778e-01,-1.846424e-01,1649760492,596516649,1189641421,0.000000e+00,3.194233e+01,4.749501e+01,single,0
0,dgemm,1,0,1,1,0,912,111,111,9120,9120,9120,9120,9120,9120,4.892778e-01,-1.846424e-01,1649760492,596516649,1189641421,0.000000e+00,3.188733e+01,4.757693e+01,single,14
0,dgemm,1,0,1,1,0,912,111,111,9120,9120,9120,9120,9120,9120,4.892778e-01,-1.846424e-01,1649760492,596516649,1189641421,0.000000e+00,3.190103e+01,4.755649e+01,single,2
0,dgemm,1,0,1,1,0,912,111,111,9120,9120,9120,9120,9120,9120,4.892778e-01,-1.846424e-01,1649760492,596516649,1189641421,0.000000e+00,9.014231e+01,1.683007e+01,single,19
0,dgemm,1,0,1,1,0,912,111,111,9120,9120,9120,9120,9120,9120,4.892778e-01,-1.846424e-01,1649760492,596516649,1189641421,0.000000e+00,3.172610e+01,4.781871e+01,single,0
0,dgemm,1,0,1,1,0,912,111,111,9120,9120,9120,9120,9120,9120,4.892778e-01,-1.846424e-01,1649760492,596516649,1189641421,0.000000e+00,3.189555e+01,4.756466e+01,single,15
0,dgemm,1,0,1,1,0,912,111,111,9120,9120,9120,9120,9120,9120,4.892778e-01,-1.846424e-01,1649760492,596516649,1189641421,0.000000e+00,3.191486e+01,4.753589e+01,single,10
0,dgemm,24,0,1,1,0,912,111,111,9120,9120,9120,9120,9120,9120,4.892778e-01,-1.846424e-01,1649760492,596516649,1189641421,0.000000e+00,2.509431e+00,6.045597e+02,all,-1
0,dgemm,1,0,1,1,0,912,111,111,9120,9120,9120,9120,9120,9120,4.892778e-01,-1.846424e-01,1649760492,596516649,1189641421,0.000000e+00,9.009404e+01,1.683908e+01,single,18
0,dgemm,1,0,1,1,0,912,111,111,9120,9120,9120,9120,9120,9120,4.892778e-01,-1.846424e-01,1649760492,596516649,1189641421,0.000000e+00,9.017489e+01,1.682398e+01,single,31
0,dgemm,1,0,1,1,0,912,111,111,9120,9120,9120,9120,9120,9120,4.892778e-01,-1.846424e-01,1649760492,596516649,1189641421,0.000000e+00,3.189173e+01,4.757037e+01,single,4
0,dgemm,1,0,1,1,0,912,111,111,9120,9120,9120,9120,9120,9120,4.892778e-01,-1.846424e-01,1649760492,596516649,1189641421,0.000000e+00,9.005574e+01,1.684624e+01,single,22
0,dgemm,16,0,1,1,0,912,111,111,9120,9120,9120,9120,9120,9120,4.892778e-01,-1.846424e-01,1649760492,596516649,1189641421,0.000000e+00,4.545555e+00,3.337549e+02,ecores,-1
0,dgemm,1,0,1,1,0,912,111,111,9120,9120,9120,9120,9120,9120,4.892778e-01,-1.846424e-01,1649760492,596516649,1189641421,0.000000e+00,9.013134e+01,1.683212e+01,single,22
0,dgemm,16,0,1,1,0,912,111,111,9120,9120,9120,9120,9120,9120,4.892778e-01,-1.846424e-01,1649760492,596516649,1189641421,0.000000e+00,4.525514e+00,3.352329e+02,ecores,-1
0,dgemm,1,0,1,1,0,912,111,111,9120,9120,9120,9120,9120,9120,4.892778e-01,-1.846424e-01,1649760492,596516649,1189641421,0.000000e+00,3.191141e+01,4.754102e+01,single,0
0,dgemm,1,0,1,1,0,912,111,111,9120,9120,9120,9120,9120,9120,4.892778e-01,-1.846424e-01,1649760492,596516649,1189641421,0.000000e+00,8.998853e+01,1.685883e+01,single,16
0,dgemm,1,0,1,1,0,912,111,111,9120,9120,9120,9120,9120,9120,4.892778e-01,-1.846424e-01,1649760492,596516649,1189641421,0.000000e+00,9.018306e+01,1.682246e+01,single,24
0,dgemm,1,0,1,1,0,912,111,111,9120,9120,9120,9120,9120,9120,4.892778e-01,-1.846424e-01,1649760492,596516649,1189641421,0.000000e+00,3.176750e+01,4.775638e+01,single,6
0,dgemm,24,0,1,1,0,912,111,111,9120,9120,9120,9120,9120,9120,4.892778e-01,-1.846424e-01,1649760492,596516649,1189641421,0.000000e+00,2.518010e+00,6.024999e+02,all,-1
0,dgemm,1,0,1,1,0,912,111,111,9120,9120,9120,9120,9120,9120,4.892778e-01,-1.846424e-01,1649760492,596516649,1189641421,0.000000e+00,9.013635e+01,1.683118e+01,single,17
0,dgemm,24,0,1,1,0,912,111,111,9120,9120,9120,9120,9120,9120,4.892778e-01,-1.846424e-01,1649760492,596516649,1189641421,0.000000e+00,2.477876e+00,6.122587e+02,all,-1
0,dgemm,1,0,1,1,0,912,111,111,9120,9120,9120,9120,9120,9120,4.892778e-01,-1.846424e-01,1649760492,596516649,1189641421,0.000000e+00,9.016274e+01,1.682625e+01,single,31
0,dgemm,1,0,1,1,0,912,111,111,9120,9120,9120,9120,9120,9120,4.892778e-01,-1.846424e-01,1649760492,596516649,1189641421,0.000000e+00,9.015349e+01,1.682798e+01,single,24
0,dgemm,1,0,1,1,0,912,111,111,9120,9120,9120,9120,9120,9120,4.892778e-01,-1.846424e-01,1649760492,596516649,1189641421,0.000000e+00,9.017127e+01,1.682466e+01,single,28
0,dgemm,1,0,1,1,0,912,111,111,9120,9120,9120,9120,9120,9120,4.892778e-01,-1.846424e-01,1649760492,596516649,1189641421,0.000000e+00,9.018703e+01,1.682172e+01,single,30
0,dgemm,1,0,1,1,0,912,111,111,9120,9120,9120,9120,9120,9120,4.892778e-01,-1.846424e-01,1649760492,596516649,1189641421,0.000000e+00,9.011424e+01,1.683531e+01,single,23
0,dgemm,1,0,1,1,0,912,111,111,9120,9120,9120,9120,9120,9120,4.892778e-01,-1.846424e-01,1649760492,596516649,1189641421,0.000000e+00,9.021985e+01,1.681560e+01,single,30
0,dgemm,1,0,1,1,0,912,111,111,9120,9120,9120,9120,9120,9120,4.892778e-01,-1.846424e-01,1649760492,596516649,1189641421,0.000000e+00,3.170528e+01,4.785010e+01,single,15
0,dgemm,1,0,1,1,0,912,111,111,9120,9120,9120,9120,9120,9120,4.892778e-01,-1.846424e-01,1649760492,596516649,1189641421,0.000000e+00,9.004992e+01,1.684733e+01,single,16
0,dgemm,8,0,1,1,0,912,111,111,9120,9120,9120,9120,9120,9120,4.892778e-01,-1.846424e-01,1649760492,596516649,1189641421,0.000000e+00,4.068696e+00,3.728715e+02,pcores,-1
0,dgemm,1,0,1,1,0,912,111,111,9120,9120,9120,9120,9120,9120,4.892778e-01,-1.846424e-01,1649760492,596516649,1189641421,0.000000e+00,9.025065e+01,1.680986e+01,single,25
0,dgemm,1,0,1,1,0,912,111,111,9120,9120,9120,9120,9120,9120,4.892778e-01,-1.846424e-01,1649760492,596516649,1189641421,0.000000e+00,9.015773e+01,1.682719e+01,single,17
0,dgemm,1,0,1,1,0,912,111,111,9120,9120,9120,9120,9120,9120,4.892778e-01,-1.846424e-01,1649760492,596516649,1189641421,0.000000e+00,9.015078e+01,1.682849e+01,single,19
0,dgemm,1,0,1,1,0,912,111,111,9120,9120,9120,9120,9120,9120,4.892778e-01,-1.846424e-01,1649760492,596516649,1189641421,0.000000e+00,9.005956e+01,1.684553e+01,single,21
0,dgemm,1,0,1,1,0,912,111,111,9120,9120,9120,9120,9120,9120,4.892778e-01,-1.846424e-01,1649760492,596516649,1189641421,0.000000e+00,9.010644e+01,1.683677e+01,single,16
0,dgemm,1,0,1,1,0,912,111,111,9120,9120,9120,9120,9120,9120,4.892778e-01,-1.846424e-01,1649760492,596516649,1189641421,0.000000e+00,3.188256e+01,4.758404e+01,single,12
0,dgemm,1,0,1,1,0,912,111,111,9120,9120,9120,9120,9120,9120,4.892778e-01,-1.846424e-01,1649760492,596516649,1189641421,0.000000e+00,9.010159e+01,1.683767e+01,single,20
0,dgemm,1,0,1,1,0,912,111,111,9120,9120,9120,9120,9120,9120,4.892778e-01,-1.846424e-01,1649760492,596516649,1189641421,0.000000e+00,3.188350e+01,4.758264e+01,single,8
0,dgemm,1,0,1,1,0,912,111,111,9120,9120,9120,9120,9120,9120,4.892778e-01,-1.846424e-01,1649760492,596516649,1189641421,0.000000e+00,3.187978e+01,4.758820e+01,single,10
0,dgemm,1,0,1,1,0,912,111,111,9120,9120,9120,9120,9120,9120,4.892778e-01,-1.846424e-01,1649760492,596516649,1189641421,0.000000e+00,9.026183e+01,1.680778e+01,single,30
0,dgemm,1,0,1,1,0,912,111,111,9120,9120,9120,9120,9120,9120,4.892778e-01,-1.846424e-01,1649760492,596516649,1189641421,0.000000e+00,3.189392e+01,4.756709e+01,single,15
0,dgemm,1,0,1,1,0,912,111,111,9120,9120,9120,9120,9120,9120,4.892778e-01,-1.846424e-01,1649760492,596516649,1189641421,0.000000e+00,9.023013e+01,1.681369e+01,single,27
0,dgemm,1,0,1,1,0,912,111,111,9120,9120,9120,9120,9120,9120,4.892778e-01,-1.846424e-01,1649760492,596516649,1189641421,0.000000e+00,9.015702e+01,1.682732e+01,single,22
0,dgemm,1,0,1,1,0,912,111,111,9120,9120,9120,9120,9120,9120,4.892778e-01,-1.846424e-01,1649760492,596516649,1189641421,0.000000e+00,3.189488e+01,4.756566e+01,single,6
0,dgemm,1,0,1,1,0,912,111,111,9120,9120,9120,9120,9120,9120,4.892778e-01,-1.846424e-01,1649760492,596516649,1189641421,0.000000e+00,9.005010e+01,1.684730e+01,single,16
0,dgemm,1,0,1,1,0,912,111,111,9120,9120,9120,9120,9120,9120,4.892778e-01,-1.846424e-01,1649760492,596516649,1189641421,0.000000e+00,9.003800e+01,1.684956e+01,single,27
0,dgemm,24,0,1,1,0,912,111,111,9120,9120,9120,9120,9120,9120,4.892778e-01,-1.846424e-01,1649760492,596516649,1189641421,0.000000e+00,2.517385e+00,6.026495e+02,all,-1
0,dgemm,1,0,1,1,0,912,111,111,9120,9120,9120,9120,9120,9120,4.892778e-01,-1.846424e-01,1649760492,596516649,1189641421,0.000000e+00,3.170142e+01,4.785593e+01,single,12
0,dgemm,1,0,1,1,0,912,111,111,9120,9120,9120,9120,9120,9120,4.892778e-01,-1.846424e-01,1649760492,596516649,1189641421,0.000000e+00,3.176569e+01,4.775911e+01,single,8
0,dgemm,1,0,1,1,0,912,111,111,9120,9120,9120,9120,9120,9120,4.892778e-01,-1.846424e-01,1649760492,596516649,1189641421,0.000000e+00,9.020122e+01,1.681907e+01,single,28
0,dgemm,1,0,1,1,0,912,111,111,9120,9120,9120,9120,9120,9120,4.892778e-01,-1.846424e-01,1649760492,596516649,1189641421,0.000000e+00,9.018629e+01,1.682186e+01,single,31
0,dgemm,1,0,1,1,0,912,111,111,9120,9120,9120,9120,9120,9120,4.892778e-01,-1.846424e-01,1649760492,596516649,1189641421,0.000000e+00,9.015439e+01,1.682781e+01,single,16
0,dgemm,1,0,1,1,0,912,111,111,9120,9120,9120,9120,9120,9120,4.892778e-01,-1.846424e-01,1649760492,596516649,1189641421,0.000000e+00,3.177234e+01,4.774911e+01,single,6
0,dgemm,1,0,1,1,0,912,111,111,9120,9120,9120,9120,9120,9120,4.892778e-01,-1.846424e-01,1649760492,596516649,1189641421,0.000000e+00,9.019893e+01,1.681950e+01,single,31
0,dgemm,1,0,1,1,0,912,111,111,9120,9120,9120,9120,9120,9120,4.892778e-01,-1.846424e-01,1649760492,596516649,1189641421,0.000000e+00,3.189286e+01,4.756868e+01,single,14
0,dgemm,1,0,1,1,0,912,111,111,9120,9120,9120,9120,9120,9120,4.892778e-01,-1.846424e-01,1649760492,596516649,1189641421,0.000000e+00,9.019821e+01,1.681964e+01,single,26
0,dgemm,1,0,1,1,0,912,111,111,9120,9120,9120,9120,9120,9120,4.892778e-01,-1.846424e-01,1649760492,596516649,1189641421,0.000000e+00,3.188575e+01,4.757928e+01,single,10
0,dgemm,1,0,1,1,0,912,111,111,9120,9120,9120,9120,9120,9120,4.892778e-01,-1.846424e-01,1649760492,596516649,1189641421,0.000000e+00,9.009992e+01,1.683799e+01,single,18
0,dgemm,1,0,1,1,0,912,111,111,9120,9120,9120,9120,9120,9120,4.892778e-01,-1.846424e-01,1649760492,596516649,1189641421,0.000000e+00,3.191334e+01,4.753815e+01,single,0
0,dgemm,16,0,1,1,0,912,111,111,9120,9120,9120,9120,9120,9120,4.892778e-01,-1.846424e-01,1649760492,596516649,1189641421,0.000000e+00,4.541905e+00,3.340230e+02,ecores,-1
0,dgemm,1,0,1,1,0,912,111,111,9120,9120,9120,9120,9120,9120,4.892778e-01,-1.846424e-01,1649760492,596516649,1189641421,0.000000e+00,3.177649e+01,4.774287e+01,single,14
0,dgemm,1,0,1,1,0,912,111,111,9120,9120,9120,9120,9120,9120,4.892778e-01,-1.846424e-01,1649760492,596516649,1189641421,0.000000e+00,3.189504e+01,4.756542e+01,single,14
0,dgemm,1,0,1,1,0,912,111,111,9120,9120,9120,9120,9120,9120,4.892778e-01,-1.846424e-01,1649760492,596516649,1189641421,0.000000e+00,9.032097e+01,1.679678e+01,single,29
0,dgemm,1,0,1,1,0,912,111,111,9120,9120,9120,9120,9120,9120,4.892778e-01,-1.846424e-01,1649760492,596516649,1189641421,0.000000e+00,9.024434e+01,1.681104e+01,single,27
0,dgemm,1,0,1,1,0,912,111,111,9120,9120,9120,9120,9120,9120,4.892778e-01,-1.846424e-01,1649760492,596516649,1189641421,0.000000e+00,9.007255e+01,1.684310e+01,single,18
0,dgemm,1,0,1,1,0,912,111,111,9120,9120,9120,9120,9120,9120,4.892778e-01,-1.846424e-01,1649760492,596516649,1189641421,0.000000e+00,9.010977e+01,1.683614e+01,single,21
0,dgemm,24,0,1,1,0,912,111,111,9120,9120,9120,9120,9120,9120,4.892778e-01,-1.846424e-01,1649760492,596516649,1189641421,0.000000e+00,2.513943e+00,6.034748e+02,all,-1
0,dgemm,1,0,1,1,0,912,111,111,9120,9120,9120,9120,9120,9120,4.892778e-01,-1.846424e-01,1649760492,596516649,1189641421,0.000000e+00,9.009078e+01,1.683969e+01,single,20
0,dgemm,1,0,1,1,0,912,111,111,9120,9120,9120,9120,9120,9120,4.892778e-01,-1.846424e-01,1649760492,596516649,1189641421,0.000000e+00,9.014749e+01,1.682910e+01,single,21
0,dgemm,1,0,1,1,0,912,111,111,9120,9120,9120,9120,9120,9120,4.892778e-01,-1.846424e-01,1649760492,596516649,1189641421,0.000000e+00,9.013622e+01,1.683120e+01,single,25
0,dgemm,1,0,1,1,0,912,111,111,9120,9120,9120,9120,9120,9120,4.892778e-01,-1.846424e-01,1649760492,596516649,1189641421,0.000000e+00,9.015366e+01,1.682795e+01,single,30
0,dgemm,1,0,1,1,0,912,111,111,9120,9120,9120,9120,9120,9120,4.892778e-01,-1.846424e-01,1649760492,596516649,1189641421,0.000000e+00,3.189226e+01,4.756957e+01,single,14
0,dgemm,1,0,1,1,0,912,111,111,9120,9120,9120,9120,9120,9120,4.892778e-01,-1.846424e-01,1649760492,596516649,1189641421,0.000000e+00,3.170956e+01,4.784365e+01,single,4
0,dgemm,1,0,1,1,0,912,111,111,9120,9120,9120,9120,9120,9120,4.892778e-01,-1.846424e-01,1649760492,596516649,1189641421,0.000000e+00,9.015777e+01,1.682718e+01,single,28
0,dgemm,1,0,1,1,0,912,111,111,9120,9120,9120,9120,9120,9120,4.892778e-01,-1.846424e-01,1649760492,596516649,1189641421,0.000000e+00,3.189560e+01,4.756459e+01,single,14
0,dgemm,1,0,1,1,0,912,111,111,9120,9120,9120,9120,9120,9120,4.892778e-01,-1.846424e-01,1649760492,596516649,1189641421,0.000000e+00,9.005831e+01,1.684576e+01,single,20
0,dgemm,1,0,1,1,0,912,111,111,9120,9120,9120,9120,9120,9120,4.892778e-01,-1.846424e-01,1649760492,596516649,1189641421,0.000000e+00,9.019049e+01,1.682108e+01,single,16
0,dgemm,16,0,1,1,0,912,111,111,9120,9120,9120,9120,9120,9120,4.892778e-01,-1.846424e-01,1649760492,596516649,1189641421,0.000000e+00,4.525526e+00,3.352320e+02,ecores,-1
0,dgemm,1,0,1,1,0,912,111,111,9120,9120,9120,9120,9120,9120,4.892778e-01,-1.846424e-01,1649760492,596516649,1189641421,0.000000e+00,9.015533e+01,1.682764e+01,single,21
0,dgemm,16,0,1,1,0,912,111,111,9120,9120,9120,9120,9120,9120,4.892778e-01,-1.846424e-01,1649760492,596516649,1189641421,0.000000e+00,4.528600e+00,3.350044e+02,ecores,-1
0,dgemm,1,0,1,1,0,912,111,111,9120,9120,9120,9120,9120,9120,4.892778e-01,-1.846424e-01,1649760492,596516649,1189641421,0.000000e+00,9.008499e+01,1.684078e+01,single,17
0,dgemm,16,0,1,1,0,912,111,111,9120,9120,9120,9120,9120,9120,4.892778e-01,-1.846424e-01,1649760492,596516649,1189641421,0.000000e+00,4.526586e+00,3.351535e+02,ecores,-1
0,dgemm,1,0,1,1,0,912,111,111,9120,9120,9120,9120,9120,9120,4.892778e-01,-1.846424e-01,1649760492,596516649,1189641421,0.000000e+00,9.009238e+01,1.683939e+01,single,21
0,dgemm,1,0,1,1,0,912,111,111,9120,9120,9120,9120,9120,9120,4.892778e-01,-1.846424e-01,1649760492,596516649,1189641421,0.000000e+00,3.189474e+01,4.756586e+01,single,6
0,dgemm,1,0,1,1,0,912,111,111,9120,9120,9120,9120,9120,9120,4.892778e-01,-1.846424e-01,1649760492,596516649,1189641421,0.000000e+00,9.025164e+01,1.680968e+01,single,30
0,dgemm,1,0,1,1,0,912,111,111,9120,9120,9120,9120,9120,9120,4.892778e-01,-1.846424e-01,1649760492,596516649,1189641421,0.000000e+00,3.189450e+01,4.756622e+01,single,2
0,dgemm,8,0,1,1,0,912,111,111,9120,9120,9120,9120,9120,9120,4.892778e-01,-1.846424e-01,1649760492,596516649,1189641421,0.000000e+00,4.072460e+00,3.725269e+02,pcores,-1
0,dgemm,1,0,1,1,0,912,111,111,9120,9120,9120,9120,9120,9120,4.892778e-01,-1.846424e-01,1649760492,596516649,1189641421,0.000000e+00,9.016648e+01,1.682555e+01,single,26
0,dgemm,1,0,1,1,0,912,111,111,9120,9120,9120,9120,9120,9120,4.892778e-01,-1.846424e-01,1649760492,596516649,1189641421,0.000000e+00,9.003463e+01,1.685019e+01,single,18
0,dgemm,1,0,1,1,0,912,111,111,9120,9120,9120,9120,9120,9120,4.892778e-01,-1.846424e-01,1649760492,596516649,1189641421,0.000000e+00,3.170031e+01,4.785761e+01,single,15
0,dgemm,1,0,1,1,0,912,111,111,9120,9120,9120,9120,9120,9120,4.892778e-01,-1.846424e-01,1649760492,596516649,1189641421,0.000000e+00,3.189236e+01,4.756941e+01,single,6
0,dgemm,24,0,1,1,0,912,111,111,9120,9120,9120,9120,9120,9120,4.892778e-01,-1.846424e-01,1649760492,596516649,1189641421,0.000000e+00,2.471530e+00,6.138307e+02,all,-1
0,dgemm,1,0,1,1,0,912,111,111,9120,9120,9120,9120,9120,9120,4.892778e-01,-1.846424e-01,1649760492,596516649,1189641421,0.000000e+00,9.018897e+01,1.682136e+01,single,28
0,dgemm,1,0,1,1,0,912,111,111,9120,9120,9120,9120,9120,9120,4.892778e-01,-1.846424e-01,1649760492,596516649,1189641421,0.000000e+00,9.020524e+01,1.681833e+01,single,28
0,dgemm,1,0,1,1,0,912,111,111,9120,9120,9120,9120,9120,9120,4.892778e-01,-1.846424e-01,1649760492,596516649,1189641421,0.000000e+00,3.190565e+01,4.754960e+01,single,0
0,dgemm,1,0,1,1,0,912,111,111,9120,9120,9120,9120,9120,9120,4.892778e-01,-1.846424e-01,1649760492,596516649,1189641421,0.000000e+00,9.007638e+01,1.684238e+01,single,23
0,dgemm,1,0,1,1,0,912,111,111,9120,9120,9120,9120,9120,9120,4.892778e-01,-1.846424e-01,1649760492,596516649,1189641421,0.000000e+00,3.189466e+01,4.756598e+01,single,10
0,dgemm,1,0,1,1,0,912,111,111,9120,9120,9120,9120,9120,9120,4.892778e-01,-1.846424e-01,1649760492,596516649,1189641421,0.000000e+00,9.006754e+01,1.684404e+01,single,18
0,dgemm,1,0,1,1,0,912,111,111,9120,9120,9120,9120,9120,9120,4.892778e-01,-1.846424e-01,1649760492,596516649,1189641421,0.000000e+00,9.009303e+01,1.683927e+01,single,23
0,dgemm,1,0,1,1,0,912,111,111,9120,9120,9120,9120,9120,9120,4.892778e-01,-1.846424e-01,1649760492,596516649,1189641421,0.000000e+00,9.009978e+01,1.683801e+01,single,22
0,dgemm,1,0,1,1,0,912,111,111,9120,9120,9120,9120,9120,9120,4.892778e-01,-1.846424e-01,1649760492,596516649,1189641421,0.000000e+00,9.007329e+01,1.684296e+01,single,23
0,dgemm,1,0,1,1,0,912,111,111,9120,9120,9120,9120,9120,9120,4.892778e-01,-1.846424e-01,1649760492,596516649,1189641421,0.000000e+00,3.189065e+01,4.757197e+01,single,12
0,dgemm,1,0,1,1,0,912,111,111,9120,9120,9120,9120,9120,9120,4.892778e-01,-1.846424e-01,1649760492,596516649,1189641421,0.000000e+00,9.011450e+01,1.683526e+01,single,21
0,dgemm,1,0,1,1,0,912,111,111,9120,9120,9120,9120,9120,9120,4.892778e-01,-1.846424e-01,1649760492,596516649,1189641421,0.000000e+00,9.016066e+01,1.682664e+01,single,26
0,dgemm,1,0,1,1,0,912,111,111,9120,9120,9120,9120,9120,9120,4.892778e-01,-1.846424e-01,1649760492,596516649,1189641421,0.000000e+00,3.189494e+01,4.756557e+01,single,2
0,dgemm,1,0,1,1,0,912,111,111,9120,9120,9120,9120,9120,9120,4.892778e-01,-1.846424e-01,1649760492,596516649,1189641421,0.000000e+00,9.004706e+01,1.684787e+01,single,17
0,dgemm,1,0,1,1,0,912,111,111,9120,9120,9120,9120,9120,9120,4.892778e-01,-1.846424e-01,1649760492,596516649,1189641421,0.000000e+00,9.014704e+01,1.682918e+01,single,31
0,dgemm,1,0,1,1,0,912,111,111,9120,9120,9120,9120,9120,9120,4.892778e-01,-1.846424e-01,1649760492,596516649,1189641421,0.000000e+00,3.189507e+01,4.756538e+01,single,6
0,dgemm,1,0,1,1,0,912,111,111,9120,9120,9120,9120,9120,9120,4.892778e-01,-1.846424e-01,1649760492,596516649,1189641421,0.000000e+00,9.017939e+01,1.682315e+01,single,26
0,dgemm,1,0,1,1,0,912,111,111,9120,9120,9120,9120,9120,9120,4.892778e-01,-1.846424e-01,1649760492,596516649,1189641421,0.000000e+00,9.006960e+01,1.684365e+01,single,20
0,dgemm,1,0,1,1,0,912,111,111,9120,9120,9120,9120,9120,9120,4.892778e-01,-1.846424e-01,1649760492,596516649,1189641421,0.000000e+00,9.020455e+01,1.681845e+01,single,26
